23:58:17,12.0,2494.413,16.0,"[19.2, 16.8, 21.0, 53.5, 20.8, 30.0, 20.2, 20.2, 19.6, 19.0, 16.2, 19.0, 19.0, 17.0, 20.0, 18.2, 20.0, 20.0, 20.8, 20.0, 19.0, 20.0, 19.8, 20.8]"
23:58:31,100.0,2493.9685,17.7,"[100.0, 100.0, 100.0, 100.0, 100.0, 100.0, 100.0, 100.0, 100.0, 100.0, 100.0, 100.0, 100.0, 100.0, 100.0, 100.0, 100.0, 100.0, 100.0, 100.0, 100.0, 100.0, 100.0, 100.0]"
23:59:00,100.0,2493.969083333333,18.9,"[100.0, 100.0, 100.0, 100.0, 100.0, 100.0, 100.0, 100.0, 100.0, 100.0, 100.0, 100.0, 100.0, 100.0, 100.0, 100.0, 100.0, 100.0, 100.0, 100.0, 100.0, 100.0, 100.0, 100.0]"
23:59:29,100.0,2493.9689583333334,20.1,"[100.0, 100.0, 100.0, 100.0, 100.0, 100.0, 100.0, 100.0, 100.0, 100.0, 100.0, 100.0, 100.0, 100.0, 100.0, 100.0, 100.0, 100.0, 100.0, 100.0, 100.0, 100.0, 100.0, 100.0]"
23:59:58,100.0,2493.9680000000003,20.9,"[100.0, 97.0, 100.0, 100.0, 100.0, 100.0, 100.0, 100.0, 100.0, 100.0, 100.0, 100.0, 100.0, 100.0, 100.0, 100.0, 100.0, 100.0, 100.0, 100.0, 100.0, 100.0, 100.0, 100.0]"
00:00:27,100.0,2493.968875,19.0,"[100.0, 100.0, 100.0, 100.0, 100.0, 100.0, 100.0, 100.0, 100.0, 100.0, 100.0, 100.0, 100.0, 100.0, 100.0, 100.0, 100.0, 100.0, 100.0, 100.0, 100.0, 100.0, 100.0, 100.0]"
00:00:56,100.0,2493.968666666666,19.8,"[100.0, 100.0, 100.0, 100.0, 100.0, 100.0, 100.0, 100.0, 100.0, 100.0, 100.0, 100.0, 100.0, 100.0, 100.0, 100.0, 100.0, 99.0, 100.0, 100.0, 100.0, 100.0, 100.0, 100.0]"
00:01:25,100.0,2493.969083333333,20.8,"[100.0, 100.0, 100.0, 100.0, 100.0, 100.0, 100.0, 100.0, 100.0, 100.0, 100.0, 100.0, 100.0, 100.0, 100.0, 100.0, 100.0, 100.0, 100.0, 100.0, 100.0, 100.0, 100.0, 100.0]"
00:01:54,99.8,2493.9680000000003,18.9,"[100.0, 100.0, 100.0, 100.0, 100.0, 100.0, 100.0, 100.0, 100.0, 100.0, 100.0, 100.0, 100.0, 100.0, 100.0, 100.0, 100.0, 100.0, 100.0, 100.0, 100.0, 100.0, 100.0, 100.0]"
00:02:23,100.0,2493.9677916666665,20.6,"[100.0, 100.0, 100.0, 100.0, 100.0, 100.0, 100.0, 100.0, 100.0, 100.0, 100.0, 100.0, 100.0, 100.0, 100.0, 100.0, 100.0, 100.0, 100.0, 100.0, 100.0, 100.0, 100.0, 100.0]"
00:02:52,100.0,2493.968208333333,21.1,"[100.0, 100.0, 100.0, 100.0, 100.0, 100.0, 100.0, 100.0, 100.0, 100.0, 100.0, 100.0, 99.0, 97.0, 100.0, 100.0, 100.0, 100.0, 100.0, 100.0, 100.0, 100.0, 100.0, 99.0]"
00:03:21,100.0,2493.969125,20.8,"[100.0, 100.0, 100.0, 100.0, 100.0, 100.0, 100.0, 100.0, 100.0, 100.0, 100.0, 100.0, 100.0, 100.0, 100.0, 100.0, 100.0, 100.0, 100.0, 100.0, 100.0, 100.0, 100.0, 100.0]"
00:03:50,100.0,2493.9685,20.6,"[100.0, 100.0, 100.0, 100.0, 100.0, 100.0, 100.0, 100.0, 100.0, 100.0, 100.0, 100.0, 100.0, 100.0, 100.0, 100.0, 100.0, 100.0, 100.0, 100.0, 100.0, 97.0, 100.0, 100.0]"
00:04:19,100.0,2493.9682499999994,21.1,"[100.0, 100.0, 100.0, 100.0, 100.0, 100.0, 100.0, 100.0, 100.0, 100.0, 100.0, 100.0, 100.0, 100.0, 100.0, 100.0, 100.0, 100.0, 100.0, 100.0, 100.0, 100.0, 100.0, 100.0]"
00:04:48,100.0,2493.9690833333334,20.8,"[100.0, 100.0, 100.0, 100.0, 100.0, 100.0, 100.0, 100.0, 100.0, 100.0, 100.0, 100.0, 100.0, 100.0, 100.0, 100.0, 100.0, 100.0, 100.0, 100.0, 100.0, 100.0, 100.0, 100.0]"
00:05:17,100.0,2493.969291666666,20.7,"[100.0, 100.0, 100.0, 100.0, 100.0, 100.0, 100.0, 100.0, 100.0, 100.0, 100.0, 100.0, 100.0, 100.0, 100.0, 100.0, 100.0, 100.0, 100.0, 100.0, 100.0, 100.0, 100.0, 100.0]"
00:05:46,100.0,2493.9672499999997,20.7,"[100.0, 100.0, 100.0, 100.0, 100.0, 100.0, 100.0, 100.0, 100.0, 100.0, 100.0, 100.0, 100.0, 100.0, 100.0, 100.0, 100.0, 100.0, 100.0, 100.0, 100.0, 100.0, 100.0, 99.0]"
00:06:15,98.5,2493.967916666667,20.6,"[97.0, 100.0, 97.0, 100.0, 100.0, 100.0, 100.0, 97.0, 97.0, 100.0, 98.0, 100.0, 100.0, 98.0, 99.0, 97.0, 100.0, 100.0, 97.0, 100.0, 97.0, 99.0, 98.0, 100.0]"
00:06:44,99.3,2493.9692499999996,20.6,"[100.0, 100.0, 100.0, 100.0, 97.0, 100.0, 100.0, 98.0, 100.0, 100.0, 96.0, 100.0, 99.0, 100.0, 100.0, 100.0, 97.0, 100.0, 100.0, 98.0, 100.0, 99.0, 99.0, 100.0]"
00:07:13,98.7,2493.9694583333335,20.7,"[96.9, 100.0, 96.9, 100.0, 100.0, 100.0, 96.0, 100.0, 100.0, 96.0, 97.0, 98.0, 100.0, 100.0, 98.0, 99.0, 98.0, 98.0, 98.0, 99.0, 100.0, 100.0, 100.0, 98.0]"
00:07:42,99.0,2493.9690833333334,20.6,"[100.0, 99.0, 100.0, 95.9, 100.0, 100.0, 100.0, 98.0, 100.0, 96.9, 100.0, 97.0, 96.0, 100.0, 100.0, 100.0, 97.0, 98.0, 100.0, 96.0, 99.0, 98.0, 100.0, 96.9]"
00:08:11,98.7,2493.9680000000003,20.7,"[98.0, 100.0, 99.0, 96.0, 97.0, 100.0, 97.0, 96.0, 100.0, 100.0, 100.0, 100.0, 99.0, 100.0, 99.0, 100.0, 98.0, 97.0, 100.0, 100.0, 100.0, 96.0, 100.0, 100.0]"
00:08:40,99.1,2493.9695833333335,20.6,"[97.0, 100.0, 99.0, 100.0, 96.9, 100.0, 100.0, 100.0, 100.0, 98.0, 100.0, 100.0, 96.0, 94.9, 100.0, 100.0, 100.0, 100.0, 100.0, 100.0, 100.0, 100.0, 100.0, 96.9]"
00:09:09,97.6,2493.9694166666673,20.7,"[99.0, 100.0, 98.0, 99.0, 100.0, 98.0, 100.0, 98.0, 99.0, 96.0, 100.0, 100.0, 100.0, 100.0, 96.0, 96.0, 98.0, 97.0, 98.0, 96.0, 97.0, 98.0, 95.9, 98.0]"
00:09:38,99.0,2493.969541666667,20.6,"[100.0, 100.0, 100.0, 98.0, 100.0, 100.0, 100.0, 100.0, 96.9, 98.0, 100.0, 100.0, 99.0, 100.0, 96.9, 98.0, 100.0, 100.0, 100.0, 95.9, 100.0, 100.0, 98.0, 96.0]"
00:10:07,97.6,2493.969541666667,20.6,"[97.0, 94.9, 95.9, 97.0, 97.0, 95.9, 96.0, 96.0, 96.0, 94.0, 96.0, 96.0, 98.0, 100.0, 96.0, 97.0, 97.0, 96.0, 97.0, 99.0, 99.0, 98.0, 100.0, 100.0]"
00:10:36,98.9,2493.969583333333,20.6,"[100.0, 94.9, 100.0, 100.0, 96.0, 100.0, 96.0, 100.0, 100.0, 97.0, 100.0, 100.0, 100.0, 96.0, 97.0, 100.0, 99.0, 99.0, 99.0, 100.0, 100.0, 100.0, 99.0, 100.0]"
00:11:05,99.0,2493.969541666667,20.6,"[100.0, 94.9, 95.0, 100.0, 98.0, 97.0, 100.0, 95.9, 100.0, 97.0, 95.9, 98.0, 100.0, 100.0, 100.0, 100.0, 100.0, 100.0, 99.0, 100.0, 100.0, 100.0, 98.0, 96.9]"
00:11:34,99.0,2493.9692499999996,20.5,"[97.0, 96.0, 100.0, 100.0, 97.0, 100.0, 100.0, 97.0, 100.0, 100.0, 100.0, 97.0, 100.0, 98.0, 100.0, 100.0, 100.0, 96.0, 97.0, 98.0, 98.0, 98.0, 100.0, 100.0]"
00:12:03,98.4,2493.9680000000003,20.5,"[100.0, 97.9, 96.9, 94.9, 100.0, 100.0, 100.0, 99.0, 100.0, 100.0, 95.0, 100.0, 97.0, 100.0, 95.0, 96.0, 96.0, 100.0, 100.0, 99.0, 98.0, 100.0, 100.0, 100.0]"
00:12:32,99.1,2493.969375,20.5,"[100.0, 100.0, 100.0, 100.0, 98.0, 100.0, 100.0, 98.0, 96.9, 100.0, 100.0, 96.0, 96.0, 96.0, 100.0, 100.0, 96.0, 100.0, 99.0, 100.0, 100.0, 100.0, 96.0, 100.0]"
00:13:01,98.4,2493.967916666667,20.6,"[100.0, 100.0, 100.0, 100.0, 100.0, 97.0, 100.0, 100.0, 100.0, 96.0, 98.0, 96.0, 100.0, 97.0, 97.9, 98.0, 100.0, 97.0, 100.0, 96.9, 98.0, 100.0, 100.0, 98.0]"
00:13:30,99.0,2493.9691249999996,20.5,"[97.0, 97.0, 100.0, 100.0, 100.0, 98.0, 100.0, 100.0, 100.0, 100.0, 100.0, 99.0, 99.0, 98.0, 96.0, 96.9, 100.0, 96.0, 100.0, 97.9, 97.0, 97.0, 100.0, 100.0]"
00:13:59,98.4,2493.9683333333332,20.6,"[96.0, 98.0, 100.0, 97.0, 100.0, 100.0, 96.0, 97.0, 97.0, 98.0, 97.0, 100.0, 97.0, 99.0, 98.0, 100.0, 100.0, 98.0, 100.0, 97.0, 97.0, 100.0, 97.0, 97.0]"
00:14:28,99.2,2493.9692916666663,20.5,"[98.0, 100.0, 100.0, 97.0, 97.0, 100.0, 100.0, 100.0, 100.0, 94.9, 100.0, 100.0, 100.0, 100.0, 96.9, 100.0, 100.0, 98.0, 100.0, 100.0, 100.0, 96.0, 98.0, 100.0]"
00:14:57,98.0,2493.9690833333334,20.6,"[100.0, 100.0, 100.0, 98.0, 100.0, 97.0, 100.0, 97.0, 100.0, 98.0, 100.0, 100.0, 100.0, 100.0, 100.0, 98.0, 98.0, 99.0, 97.0, 97.9, 97.0, 98.0, 100.0, 98.0]"
00:15:26,98.8,2493.9692499999996,20.5,"[100.0, 97.0, 98.0, 100.0, 96.9, 100.0, 96.9, 100.0, 95.0, 98.0, 97.0, 100.0, 98.0, 100.0, 98.0, 100.0, 100.0, 100.0, 100.0, 100.0, 100.0, 97.0, 99.0, 98.0]"
00:15:55,98.2,2493.967958333334,20.5,"[98.0, 96.0, 100.0, 96.0, 100.0, 96.9, 99.0, 96.0, 98.0, 100.0, 100.0, 100.0, 100.0, 100.0, 98.0, 97.0, 98.0, 97.0, 100.0, 98.0, 99.0, 98.0, 97.0, 98.0]"
00:16:24,98.4,2493.969166666667,20.5,"[100.0, 97.0, 97.0, 96.9, 100.0, 98.0, 99.0, 99.0, 100.0, 100.0, 100.0, 100.0, 100.0, 100.0, 98.0, 98.0, 97.0, 99.0, 98.0, 97.0, 100.0, 100.0, 98.0, 100.0]"
00:16:53,97.6,2493.969375,20.5,"[100.0, 98.0, 98.0, 98.0, 97.0, 98.0, 98.0, 97.0, 99.0, 98.0, 99.0, 100.0, 98.0, 95.0, 98.0, 98.0, 100.0, 96.9, 98.0, 100.0, 98.0, 100.0, 100.0, 96.0]"
00:17:22,98.9,2493.969458333333,20.5,"[100.0, 100.0, 100.0, 100.0, 100.0, 98.0, 100.0, 98.0, 97.0, 98.0, 100.0, 100.0, 100.0, 97.0, 100.0, 100.0, 98.0, 96.0, 100.0, 100.0, 95.9, 100.0, 100.0, 100.0]"
00:17:51,98.7,2493.9694583333335,20.6,"[99.0, 95.0, 97.0, 99.0, 94.9, 94.9, 97.0, 100.0, 100.0, 100.0, 95.9, 98.0, 96.0, 97.0, 99.0, 99.0, 96.0, 96.9, 97.0, 98.0, 100.0, 97.0, 100.0, 94.9]"
00:18:20,98.8,2493.969416666667,20.5,"[100.0, 100.0, 100.0, 98.0, 100.0, 98.0, 98.0, 100.0, 97.0, 97.0, 97.0, 100.0, 100.0, 100.0, 96.0, 100.0, 100.0, 100.0, 100.0, 100.0, 96.9, 100.0, 98.0, 100.0]"
00:18:49,99.0,2493.969625,20.5,"[100.0, 98.0, 98.0, 99.0, 100.0, 99.0, 100.0, 98.0, 100.0, 100.0, 100.0, 100.0, 100.0, 99.0, 100.0, 97.0, 100.0, 100.0, 100.0, 95.9, 100.0, 100.0, 99.0, 100.0]"
00:19:18,98.7,2493.9694166666663,20.5,"[96.9, 96.9, 95.9, 97.0, 100.0, 100.0, 100.0, 97.0, 100.0, 100.0, 99.0, 96.9, 99.0, 99.0, 100.0, 99.0, 98.0, 100.0, 98.0, 100.0, 99.0, 100.0, 100.0, 99.0]"
00:19:47,98.9,2493.969208333333,20.5,"[100.0, 100.0, 100.0, 98.0, 99.0, 97.0, 100.0, 98.0, 100.0, 99.0, 98.0, 100.0, 100.0, 100.0, 97.0, 100.0, 100.0, 97.0, 98.0, 100.0, 100.0, 96.0, 100.0, 96.9]"
00:20:16,98.5,2493.969458333333,20.5,"[97.0, 96.9, 100.0, 100.0, 94.9, 100.0, 100.0, 100.0, 95.9, 97.0, 100.0, 98.0, 97.0, 99.0, 100.0, 98.0, 100.0, 100.0, 100.0, 100.0, 97.0, 100.0, 100.0, 100.0]"
00:20:45,99.0,2493.9696249999997,20.5,"[97.0, 97.0, 100.0, 99.0, 96.9, 97.0, 100.0, 96.0, 98.0, 100.0, 100.0, 98.0, 100.0, 100.0, 99.0, 100.0, 100.0, 100.0, 100.0, 100.0, 100.0, 100.0, 97.0, 100.0]"
00:21:14,98.8,2493.9679583333336,20.5,"[100.0, 100.0, 95.9, 100.0, 100.0, 100.0, 100.0, 100.0, 97.0, 96.0, 100.0, 100.0, 100.0, 100.0, 98.0, 98.0, 97.0, 96.9, 100.0, 98.0, 100.0, 96.0, 100.0, 97.0]"
00:21:43,99.2,2493.9695416666664,20.5,"[100.0, 100.0, 100.0, 96.0, 100.0, 100.0, 100.0, 100.0, 100.0, 100.0, 96.0, 100.0, 98.0, 97.0, 100.0, 100.0, 98.0, 100.0, 100.0, 100.0, 96.9, 100.0, 100.0, 95.9]"
00:22:12,98.0,2493.9697083333335,20.6,"[94.9, 100.0, 96.0, 99.0, 99.0, 100.0, 100.0, 98.0, 98.0, 97.0, 96.0, 98.0, 100.0, 97.9, 98.0, 98.0, 98.0, 100.0, 100.0, 100.0, 97.0, 98.0, 96.9, 100.0]"
00:22:41,99.2,2493.9692083333334,20.5,"[100.0, 100.0, 100.0, 100.0, 100.0, 100.0, 100.0, 100.0, 100.0, 100.0, 100.0, 100.0, 95.9, 100.0, 100.0, 100.0, 97.0, 100.0, 100.0, 97.0, 97.0, 97.0, 100.0, 97.0]"
00:23:10,98.4,2493.9680000000003,20.5,"[96.0, 96.9, 100.0, 100.0, 100.0, 98.0, 99.0, 100.0, 100.0, 96.0, 96.0, 100.0, 100.0, 100.0, 96.0, 98.0, 100.0, 97.0, 96.0, 100.0, 100.0, 100.0, 100.0, 96.0]"
00:23:39,98.8,2493.9695416666664,20.5,"[100.0, 100.0, 100.0, 100.0, 100.0, 96.0, 97.0, 100.0, 100.0, 100.0, 98.0, 96.0, 100.0, 100.0, 94.9, 96.9, 100.0, 98.0, 97.0, 100.0, 96.0, 99.0, 100.0, 100.0]"
00:24:08,97.7,2493.9698333333336,20.6,"[96.0, 99.0, 99.0, 98.0, 100.0, 100.0, 97.0, 99.0, 96.0, 96.9, 96.0, 97.0, 98.0, 97.0, 100.0, 98.0, 97.0, 98.0, 98.0, 100.0, 96.0, 96.0, 95.9, 96.0]"
00:24:37,99.0,2493.9695416666664,20.5,"[100.0, 100.0, 100.0, 94.9, 100.0, 100.0, 100.0, 100.0, 98.0, 100.0, 100.0, 100.0, 100.0, 100.0, 100.0, 97.0, 95.9, 100.0, 96.9, 100.0, 96.9, 98.0, 97.0, 100.0]"
00:25:06,98.5,2493.9692499999996,20.6,"[99.0, 98.0, 100.0, 97.0, 98.0, 98.0, 98.0, 100.0, 96.0, 98.0, 100.0, 98.0, 100.0, 100.0, 96.9, 99.0, 96.0, 96.0, 95.9, 100.0, 100.0, 98.0, 95.9, 100.0]"
00:25:35,99.0,2493.969458333333,20.5,"[100.0, 100.0, 100.0, 94.9, 100.0, 100.0, 100.0, 100.0, 100.0, 100.0, 98.0, 100.0, 100.0, 100.0, 100.0, 100.0, 100.0, 95.9, 100.0, 98.0, 100.0, 100.0, 97.0, 100.0]"
00:26:04,98.4,2493.967958333334,20.5,"[100.0, 97.0, 98.0, 98.0, 100.0, 100.0, 100.0, 100.0, 98.0, 95.0, 96.9, 100.0, 96.0, 100.0, 97.0, 98.0, 95.0, 100.0, 98.0, 97.9, 100.0, 99.0, 97.0, 100.0]"
00:26:33,98.9,2493.9694166666663,20.5,"[100.0, 100.0, 100.0, 100.0, 100.0, 100.0, 100.0, 96.0, 98.0, 99.0, 95.0, 96.0, 100.0, 96.0, 100.0, 100.0, 97.0, 100.0, 100.0, 100.0, 97.0, 100.0, 100.0, 96.0]"
00:27:02,98.9,2493.969291666667,20.6,"[100.0, 100.0, 96.0, 98.0, 100.0, 100.0, 100.0, 99.0, 95.9, 100.0, 100.0, 100.0, 96.0, 100.0, 97.0, 99.0, 100.0, 97.0, 97.9, 97.0, 96.9, 97.0, 100.0, 100.0]"
00:27:31,99.3,2493.9694999999997,20.5,"[99.0, 98.0, 100.0, 100.0, 99.0, 100.0, 100.0, 100.0, 100.0, 100.0, 100.0, 98.0, 100.0, 99.0, 100.0, 100.0, 98.0, 100.0, 97.0, 98.0, 98.0, 99.0, 98.0, 100.0]"
00:28:00,98.6,2493.9680000000003,20.6,"[100.0, 100.0, 100.0, 98.0, 99.0, 99.0, 100.0, 100.0, 96.0, 100.0, 97.0, 100.0, 97.0, 100.0, 100.0, 96.0, 97.0, 98.0, 99.0, 94.9, 100.0, 98.0, 96.0, 100.0]"
00:28:29,98.4,2493.9692499999996,20.5,"[100.0, 98.0, 97.0, 99.0, 99.0, 100.0, 100.0, 100.0, 100.0, 100.0, 100.0, 97.0, 100.0, 94.9, 100.0, 96.0, 96.0, 100.0, 97.0, 96.0, 96.0, 96.0, 100.0, 100.0]"
00:28:58,98.7,2493.9680000000003,20.6,"[100.0, 100.0, 100.0, 98.0, 98.0, 96.0, 97.9, 96.0, 96.0, 100.0, 96.0, 100.0, 100.0, 96.9, 100.0, 98.0, 100.0, 96.0, 100.0, 99.0, 100.0, 96.0, 96.9, 98.0]"
00:29:27,98.6,2493.969541666667,20.5,"[100.0, 100.0, 97.0, 96.9, 100.0, 100.0, 95.0, 100.0, 100.0, 95.9, 100.0, 100.0, 97.0, 98.0, 100.0, 100.0, 100.0, 100.0, 97.0, 96.9, 96.9, 100.0, 100.0, 98.0]"
00:29:56,98.4,2493.9697083333335,20.6,"[100.0, 97.0, 98.0, 99.0, 98.0, 100.0, 98.0, 100.0, 97.0, 100.0, 96.9, 97.0, 100.0, 100.0, 98.0, 97.0, 100.0, 99.0, 97.0, 100.0, 100.0, 100.0, 100.0, 100.0]"
00:30:25,99.0,2493.969791666667,20.5,"[100.0, 100.0, 100.0, 100.0, 100.0, 95.0, 100.0, 100.0, 100.0, 98.0, 98.0, 100.0, 100.0, 97.9, 100.0, 100.0, 100.0, 98.0, 98.0, 96.9, 100.0, 98.0, 100.0, 100.0]"
00:30:54,97.4,2493.9680000000003,20.5,"[96.9, 100.0, 97.0, 98.0, 98.0, 96.0, 100.0, 96.9, 96.0, 97.0, 97.0, 100.0, 96.0, 99.0, 100.0, 98.0, 97.0, 99.0, 100.0, 99.0, 99.0, 98.0, 98.0, 98.0]"
00:31:23,99.0,2493.9695833333335,20.5,"[100.0, 97.0, 100.0, 96.9, 98.0, 97.0, 98.0, 97.0, 100.0, 100.0, 94.9, 99.0, 100.0, 100.0, 100.0, 97.0, 97.0, 98.0, 100.0, 96.9, 100.0, 96.9, 100.0, 100.0]"
00:31:52,98.0,2493.9691249999996,20.6,"[95.9, 95.0, 100.0, 96.9, 96.9, 96.0, 99.0, 97.0, 98.0, 97.0, 99.0, 100.0, 97.0, 98.0, 96.0, 98.0, 98.0, 97.0, 96.0, 98.0, 98.0, 97.0, 98.0, 97.0]"
00:32:21,99.1,2493.969666666667,20.5,"[100.0, 100.0, 97.0, 100.0, 100.0, 99.0, 100.0, 98.0, 98.0, 100.0, 100.0, 100.0, 100.0, 99.0, 100.0, 95.9, 100.0, 100.0, 97.0, 100.0, 97.0, 99.0, 100.0, 100.0]"
00:32:50,98.9,2493.969625,20.5,"[100.0, 100.0, 100.0, 98.0, 98.0, 97.0, 95.9, 100.0, 98.0, 100.0, 100.0, 100.0, 96.0, 99.0, 97.0, 96.0, 97.0, 96.0, 100.0, 97.0, 97.0, 98.0, 98.0, 99.0]"
00:33:19,98.7,2493.969333333333,20.5,"[100.0, 100.0, 100.0, 100.0, 100.0, 96.9, 100.0, 100.0, 96.9, 100.0, 97.0, 95.9, 96.0, 100.0, 96.0, 100.0, 94.9, 98.0, 95.9, 94.9, 100.0, 96.9, 100.0, 100.0]"
00:33:48,98.9,2493.9692499999996,20.5,"[97.0, 100.0, 96.0, 100.0, 97.0, 99.0, 97.0, 100.0, 100.0, 100.0, 98.0, 96.0, 98.0, 96.0, 100.0, 100.0, 96.0, 100.0, 98.0, 100.0, 100.0, 100.0, 100.0, 100.0]"
00:34:17,98.6,2493.969625,20.4,"[100.0, 99.0, 100.0, 98.0, 99.0, 97.0, 100.0, 100.0, 98.0, 100.0, 100.0, 100.0, 98.0, 100.0, 100.0, 100.0, 100.0, 97.0, 100.0, 96.9, 100.0, 97.0, 100.0, 100.0]"
00:34:46,99.2,2493.969625,20.4,"[97.0, 100.0, 100.0, 96.0, 100.0, 100.0, 99.0, 99.0, 97.0, 95.9, 100.0, 95.9, 100.0, 100.0, 100.0, 100.0, 100.0, 100.0, 97.0, 100.0, 100.0, 100.0, 100.0, 100.0]"
00:35:15,98.8,2493.9680000000003,20.4,"[100.0, 96.0, 95.9, 100.0, 100.0, 96.0, 97.0, 100.0, 100.0, 100.0, 100.0, 97.0, 100.0, 99.0, 100.0, 98.0, 99.0, 100.0, 98.0, 100.0, 98.0, 98.0, 98.0, 100.0]"
00:35:44,98.7,2493.9692083333334,20.4,"[96.9, 99.0, 100.0, 100.0, 95.9, 97.0, 97.0, 100.0, 100.0, 100.0, 98.0, 100.0, 96.9, 100.0, 100.0, 96.9, 96.9, 98.0, 100.0, 100.0, 100.0, 94.9, 94.9, 100.0]"
00:36:13,98.5,2493.969708333333,20.5,"[100.0, 100.0, 100.0, 96.0, 99.0, 99.0, 98.0, 96.0, 98.0, 100.0, 97.0, 100.0, 100.0, 97.0, 100.0, 98.0, 98.0, 100.0, 96.9, 98.0, 99.0, 100.0, 100.0, 96.9]"
00:36:42,99.0,2493.969375,20.4,"[97.0, 97.0, 100.0, 100.0, 100.0, 97.0, 100.0, 100.0, 97.0, 94.9, 100.0, 100.0, 99.0, 100.0, 96.9, 100.0, 100.0, 96.9, 100.0, 100.0, 100.0, 100.0, 100.0, 99.0]"
00:37:11,97.9,2493.9693749999997,20.5,"[97.0, 98.0, 97.0, 100.0, 98.0, 100.0, 98.0, 96.9, 100.0, 100.0, 97.0, 99.0, 98.0, 96.9, 100.0, 100.0, 97.0, 97.0, 96.9, 99.0, 100.0, 97.0, 94.9, 97.0]"
00:37:40,99.2,2493.9690416666663,20.4,"[99.0, 100.0, 100.0, 100.0, 100.0, 100.0, 100.0, 100.0, 100.0, 100.0, 100.0, 98.0, 94.9, 96.0, 98.0, 100.0, 96.9, 100.0, 100.0, 100.0, 93.9, 100.0, 96.9, 100.0]"
00:38:09,97.7,2493.9690416666667,20.5,"[97.0, 100.0, 96.0, 95.9, 96.0, 97.0, 100.0, 97.0, 100.0, 100.0, 95.0, 97.0, 99.0, 95.9, 97.0, 96.9, 99.0, 98.0, 97.0, 98.0, 98.0, 96.9, 100.0, 98.0]"
00:38:38,98.9,2493.9691666666668,20.4,"[97.0, 100.0, 100.0, 100.0, 99.0, 98.0, 98.0, 97.0, 100.0, 97.0, 100.0, 98.0, 100.0, 98.0, 100.0, 97.0, 100.0, 96.0, 100.0, 100.0, 100.0, 98.0, 100.0, 100.0]"
00:39:07,97.5,2493.9691666666663,20.5,"[97.0, 96.0, 97.0, 98.0, 96.0, 100.0, 96.9, 97.0, 99.0, 97.0, 98.0, 98.0, 96.0, 98.0, 96.9, 97.0, 98.0, 97.0, 98.0, 100.0, 96.9, 98.0, 96.0, 100.0]"
00:39:36,98.8,2493.9700416666665,20.4,"[98.0, 96.9, 100.0, 100.0, 100.0, 100.0, 100.0, 100.0, 98.0, 100.0, 100.0, 100.0, 100.0, 100.0, 100.0, 98.0, 99.0, 96.0, 98.0, 99.0, 96.9, 99.0, 100.0, 100.0]"
00:40:05,98.4,2493.9692083333334,20.5,"[96.9, 100.0, 100.0, 96.9, 100.0, 100.0, 100.0, 97.0, 98.0, 100.0, 100.0, 99.0, 100.0, 97.0, 97.0, 100.0, 100.0, 97.0, 97.0, 100.0, 97.0, 94.9, 97.0, 93.9]"
00:40:34,99.1,2493.969583333333,20.4,"[100.0, 100.0, 98.0, 99.0, 100.0, 100.0, 97.0, 100.0, 99.0, 100.0, 100.0, 98.0, 100.0, 96.0, 98.0, 100.0, 100.0, 100.0, 97.0, 100.0, 96.9, 100.0, 96.0, 98.0]"
00:41:03,98.4,2493.9680000000003,20.4,"[100.0, 99.0, 98.0, 98.0, 100.0, 96.0, 100.0, 95.9, 100.0, 97.0, 97.9, 99.0, 98.0, 99.0, 100.0, 100.0, 100.0, 98.0, 100.0, 100.0, 98.0, 100.0, 99.0, 98.0]"
00:41:32,98.7,2493.9695416666664,20.4,"[97.0, 97.0, 100.0, 98.0, 100.0, 100.0, 96.0, 100.0, 95.9, 97.0, 97.0, 99.0, 99.0, 100.0, 100.0, 100.0, 97.0, 100.0, 100.0, 100.0, 99.0, 100.0, 96.9, 100.0]"
00:42:01,98.8,2493.969375,20.5,"[100.0, 97.0, 97.0, 100.0, 98.0, 98.0, 98.0, 96.9, 100.0, 96.0, 100.0, 95.0, 100.0, 100.0, 100.0, 100.0, 98.0, 99.0, 100.0, 100.0, 99.0, 100.0, 100.0, 96.0]"
00:42:30,98.8,2493.9694999999997,20.4,"[96.9, 100.0, 100.0, 100.0, 100.0, 100.0, 100.0, 100.0, 100.0, 97.9, 100.0, 100.0, 100.0, 96.0, 98.0, 96.0, 100.0, 100.0, 100.0, 97.0, 99.0, 100.0, 100.0, 96.0]"
00:42:59,98.7,2493.9680000000003,20.5,"[100.0, 96.0, 98.0, 98.0, 100.0, 100.0, 98.0, 97.0, 96.0, 100.0, 100.0, 97.0, 98.0, 97.0, 100.0, 100.0, 96.0, 100.0, 100.0, 97.0, 95.9, 97.0, 100.0, 99.0]"
00:43:28,98.7,2493.9688333333334,20.4,"[96.0, 100.0, 100.0, 97.0, 100.0, 100.0, 100.0, 100.0, 98.0, 96.0, 100.0, 97.0, 97.0, 98.0, 100.0, 97.0, 100.0, 96.0, 100.0, 97.0, 97.0, 100.0, 97.0, 100.0]"
00:43:57,98.4,2493.968958333333,20.5,"[100.0, 100.0, 96.0, 96.9, 100.0, 100.0, 97.0, 98.0, 99.0, 98.0, 100.0, 97.0, 96.0, 97.9, 100.0, 98.0, 100.0, 97.9, 98.0, 98.0, 97.0, 98.0, 96.0, 100.0]"
00:44:26,99.2,2493.9694583333326,20.4,"[97.0, 95.9, 100.0, 97.0, 100.0, 100.0, 95.9, 100.0, 98.0, 100.0, 98.0, 96.0, 100.0, 100.0, 100.0, 99.0, 98.0, 100.0, 98.0, 100.0, 100.0, 100.0, 100.0, 100.0]"
00:44:55,97.9,2493.967958333334,20.5,"[97.0, 97.0, 97.0, 98.0, 100.0, 99.0, 97.0, 100.0, 94.9, 100.0, 100.0, 96.0, 100.0, 100.0, 96.9, 100.0, 97.0, 100.0, 100.0, 100.0, 100.0, 100.0, 98.0, 96.1]"
00:45:24,98.9,2493.9692499999996,20.4,"[99.0, 100.0, 100.0, 99.0, 98.0, 100.0, 100.0, 100.0, 100.0, 100.0, 98.0, 98.0, 100.0, 98.0, 100.0, 100.0, 100.0, 99.0, 95.9, 100.0, 97.0, 96.9, 97.0, 100.0]"
00:45:53,98.2,2493.9695,20.5,"[100.0, 98.0, 97.0, 98.0, 96.0, 100.0, 98.0, 94.9, 99.0, 96.0, 100.0, 97.0, 98.0, 98.0, 98.0, 97.0, 97.0, 95.9, 97.0, 100.0, 98.0, 100.0, 97.0, 98.0]"
00:46:22,98.8,2493.969375,20.4,"[100.0, 100.0, 96.0, 100.0, 100.0, 98.0, 100.0, 100.0, 100.0, 100.0, 100.0, 100.0, 98.0, 100.0, 96.0, 99.0, 98.0, 97.0, 98.0, 98.0, 97.0, 100.0, 100.0, 100.0]"
00:46:51,98.9,2493.9690416666663,20.5,"[97.0, 100.0, 100.0, 93.9, 100.0, 96.0, 95.9, 97.9, 100.0, 100.0, 98.0, 96.9, 99.0, 100.0, 97.0, 100.0, 97.0, 98.0, 100.0, 100.0, 97.0, 100.0, 97.0, 97.0]"
00:47:20,99.3,2493.969666666666,20.4,"[100.0, 100.0, 100.0, 100.0, 100.0, 100.0, 100.0, 100.0, 95.9, 100.0, 100.0, 100.0, 99.0, 100.0, 97.0, 100.0, 100.0, 100.0, 97.0, 100.0, 98.0, 97.0, 100.0, 97.0]"
00:47:49,98.8,2493.9694999999997,20.4,"[97.0, 98.0, 100.0, 100.0, 100.0, 100.0, 100.0, 97.0, 97.0, 100.0, 100.0, 100.0, 100.0, 98.0, 100.0, 100.0, 100.0, 97.0, 100.0, 98.0, 96.0, 100.0, 100.0, 99.0]"
00:48:18,99.0,2493.969625,20.4,"[98.0, 94.9, 98.0, 96.0, 100.0, 100.0, 99.0, 96.0, 100.0, 100.0, 100.0, 100.0, 100.0, 100.0, 100.0, 100.0, 100.0, 100.0, 98.0, 100.0, 100.0, 98.0, 97.0, 100.0]"
00:48:47,99.0,2493.9698750000007,20.4,"[98.0, 96.0, 98.0, 100.0, 96.0, 100.0, 100.0, 100.0, 100.0, 97.0, 100.0, 98.0, 100.0, 100.0, 100.0, 96.9, 100.0, 99.0, 97.0, 99.0, 97.0, 100.0, 100.0, 96.9]"
00:49:16,98.5,2493.969375,20.4,"[96.0, 99.0, 98.0, 96.9, 100.0, 97.0, 98.0, 96.9, 100.0, 100.0, 100.0, 100.0, 100.0, 98.0, 98.0, 100.0, 97.0, 98.0, 96.0, 100.0, 100.0, 100.0, 100.0, 100.0]"
00:49:45,99.1,2493.9695416666673,20.4,"[100.0, 100.0, 96.9, 100.0, 96.0, 100.0, 100.0, 96.0, 98.0, 97.0, 96.0, 100.0, 98.0, 100.0, 100.0, 97.0, 97.0, 100.0, 96.0, 100.0, 100.0, 100.0, 100.0, 100.0]"
00:50:14,98.8,2493.9680000000003,20.4,"[100.0, 100.0, 100.0, 97.0, 100.0, 100.0, 100.0, 98.0, 99.0, 100.0, 97.0, 100.0, 100.0, 96.9, 100.0, 98.0, 97.0, 100.0, 100.0, 100.0, 96.9, 97.0, 98.0, 95.9]"
00:50:43,98.7,2493.969375,20.4,"[94.9, 98.0, 100.0, 100.0, 100.0, 98.0, 97.0, 100.0, 94.9, 100.0, 100.0, 96.0, 100.0, 97.0, 98.0, 96.0, 100.0, 100.0, 100.0, 100.0, 98.0, 96.9, 99.0, 100.0]"
00:51:12,98.3,2493.9694999999997,20.5,"[97.0, 100.0, 98.0, 100.0, 94.9, 100.0, 100.0, 100.0, 100.0, 96.0, 100.0, 100.0, 97.0, 100.0, 100.0, 100.0, 99.0, 100.0, 98.0, 100.0, 96.0, 96.9, 96.0, 99.0]"
00:51:41,99.2,2493.9697499999997,20.4,"[100.0, 100.0, 100.0, 100.0, 96.9, 100.0, 100.0, 100.0, 100.0, 98.0, 100.0, 98.0, 96.9, 98.0, 97.9, 96.0, 96.0, 100.0, 98.0, 100.0, 100.0, 100.0, 97.0, 100.0]"
00:52:10,97.9,2493.9680000000003,20.5,"[100.0, 99.0, 100.0, 100.0, 100.0, 98.0, 100.0, 100.0, 100.0, 99.0, 100.0, 100.0, 98.0, 96.9, 96.0, 100.0, 94.8, 100.0, 97.0, 97.0, 96.9, 99.0, 95.9, 96.9]"
00:52:39,98.7,2493.9696249999997,20.4,"[97.0, 96.0, 100.0, 98.0, 98.0, 100.0, 100.0, 100.0, 94.9, 100.0, 100.0, 100.0, 100.0, 98.0, 100.0, 96.9, 100.0, 97.0, 100.0, 94.9, 100.0, 100.0, 100.0, 100.0]"
00:53:08,97.6,2493.969291666667,20.5,"[96.0, 96.9, 100.0, 96.0, 97.0, 100.0, 97.0, 97.0, 97.0, 98.0, 96.9, 98.0, 98.0, 98.0, 97.0, 98.0, 97.0, 100.0, 96.9, 95.9, 98.0, 99.0, 95.9, 96.9]"
00:53:37,98.7,2493.9691666666668,20.4,"[100.0, 98.0, 96.9, 99.0, 100.0, 100.0, 97.0, 98.0, 96.0, 97.0, 100.0, 98.0, 99.0, 98.0, 97.0, 100.0, 100.0, 100.0, 100.0, 100.0, 100.0, 98.0, 100.0, 100.0]"
00:54:06,98.3,2493.969375,20.5,"[99.0, 97.0, 95.9, 98.0, 97.9, 100.0, 92.9, 94.9, 97.0, 98.0, 95.0, 94.9, 96.9, 100.0, 94.9, 100.0, 100.0, 98.0, 100.0, 100.0, 94.9, 97.0, 96.0, 98.0]"
00:54:35,99.1,2493.969375,20.4,"[97.0, 100.0, 100.0, 100.0, 100.0, 96.9, 96.0, 96.0, 100.0, 99.0, 98.0, 100.0, 94.9, 100.0, 100.0, 100.0, 100.0, 100.0, 100.0, 100.0, 96.0, 100.0, 100.0, 96.9]"
00:55:04,98.6,2493.969333333333,20.4,"[96.0, 99.0, 100.0, 100.0, 100.0, 100.0, 98.0, 100.0, 100.0, 100.0, 98.0, 100.0, 100.0, 100.0, 98.0, 97.0, 97.9, 97.0, 98.0, 100.0, 96.0, 100.0, 96.0, 97.0]"
00:55:33,98.6,2493.969125,20.4,"[100.0, 100.0, 98.0, 99.0, 100.0, 98.0, 100.0, 97.0, 100.0, 100.0, 100.0, 100.0, 97.0, 97.0, 98.0, 96.9, 100.0, 96.0, 100.0, 100.0, 97.0, 98.0, 95.9, 100.0]"
00:56:02,98.7,2493.9693333333335,20.5,"[100.0, 98.0, 100.0, 100.0, 100.0, 95.0, 97.0, 100.0, 98.0, 100.0, 100.0, 95.9, 97.0, 100.0, 100.0, 99.0, 97.0, 97.0, 100.0, 98.0, 100.0, 100.0, 100.0, 98.0]"
00:56:31,98.8,2493.969541666667,20.4,"[96.0, 100.0, 95.9, 100.0, 97.0, 96.9, 98.0, 100.0, 100.0, 100.0, 100.0, 100.0, 96.0, 100.0, 100.0, 100.0, 100.0, 100.0, 95.9, 98.0, 100.0, 100.0, 100.0, 96.0]"
00:57:00,98.5,2493.9680000000003,20.5,"[100.0, 97.0, 100.0, 98.0, 97.0, 97.0, 100.0, 100.0, 96.9, 96.0, 100.0, 97.0, 100.0, 100.0, 100.0, 96.9, 100.0, 100.0, 98.0, 97.0, 96.9, 98.0, 94.9, 100.0]"
00:57:29,99.0,2493.969458333333,20.4,"[100.0, 100.0, 100.0, 96.0, 100.0, 100.0, 100.0, 100.0, 100.0, 96.9, 97.0, 96.0, 100.0, 100.0, 99.0, 95.9, 100.0, 98.0, 97.0, 100.0, 96.0, 100.0, 97.0, 100.0]"
00:57:58,98.4,2493.969541666666,20.5,"[100.0, 98.0, 100.0, 100.0, 96.9, 99.0, 100.0, 96.0, 98.0, 99.0, 96.9, 100.0, 96.0, 100.0, 97.0, 97.0, 100.0, 99.0, 98.0, 96.0, 100.0, 100.0, 100.0, 100.0]"
00:58:27,99.0,2493.969458333333,20.4,"[100.0, 97.0, 97.0, 100.0, 98.0, 96.0, 96.0, 96.0, 98.0, 97.0, 99.0, 100.0, 100.0, 100.0, 100.0, 100.0, 100.0, 95.9, 100.0, 100.0, 100.0, 100.0, 99.0, 100.0]"
00:58:56,98.4,2493.968416666667,20.5,"[98.0, 97.0, 99.0, 98.0, 100.0, 98.0, 99.0, 99.0, 98.0, 98.0, 100.0, 100.0, 98.0, 100.0, 100.0, 100.0, 98.0, 100.0, 100.0, 98.0, 96.0, 100.0, 97.0, 96.0]"
00:59:25,99.4,2493.969458333333,20.4,"[100.0, 98.0, 100.0, 100.0, 100.0, 95.9, 100.0, 96.0, 100.0, 96.0, 95.9, 100.0, 100.0, 100.0, 100.0, 100.0, 100.0, 99.0, 100.0, 100.0, 99.0, 100.0, 100.0, 100.0]"
00:59:54,97.7,2493.968958333334,20.5,"[97.0, 100.0, 95.9, 96.0, 100.0, 96.9, 98.0, 96.0, 97.9, 100.0, 96.0, 100.0, 99.0, 98.0, 99.0, 98.0, 98.0, 100.0, 99.0, 99.0, 97.0, 100.0, 100.0, 98.0]"
01:00:23,99.5,2493.9695416666664,20.4,"[100.0, 100.0, 100.0, 97.0, 100.0, 100.0, 100.0, 100.0, 98.0, 97.0, 100.0, 100.0, 100.0, 97.0, 100.0, 100.0, 100.0, 100.0, 96.9, 100.0, 94.9, 96.9, 100.0, 100.0]"
01:00:52,98.5,2493.969291666666,20.5,"[96.0, 97.0, 96.9, 96.0, 96.9, 95.9, 100.0, 97.0, 100.0, 97.0, 98.0, 98.0, 100.0, 97.0, 96.9, 97.0, 100.0, 100.0, 100.0, 97.0, 100.0, 99.0, 100.0, 100.0]"
01:01:21,98.5,2493.969375,20.4,"[98.0, 100.0, 94.9, 100.0, 100.0, 100.0, 100.0, 97.0, 100.0, 94.0, 96.0, 100.0, 98.0, 98.0, 95.9, 100.0, 97.0, 100.0, 98.0, 100.0, 100.0, 96.0, 98.0, 100.0]"
01:01:50,98.1,2493.9695833333335,20.5,"[100.0, 97.0, 100.0, 97.0, 98.0, 98.0, 100.0, 99.0, 96.9, 100.0, 100.0, 96.9, 100.0, 92.9, 99.0, 98.0, 100.0, 97.0, 95.0, 94.9, 96.9, 93.9, 97.0, 99.0]"
01:02:19,98.6,2493.9695833333335,20.4,"[100.0, 100.0, 100.0, 100.0, 100.0, 96.9, 100.0, 100.0, 100.0, 93.9, 96.9, 96.9, 95.9, 100.0, 98.0, 97.0, 97.0, 100.0, 100.0, 100.0, 97.0, 100.0, 96.0, 100.0]"
01:02:48,99.2,2493.969583333333,20.4,"[100.0, 94.9, 100.0, 100.0, 100.0, 100.0, 100.0, 100.0, 100.0, 100.0, 100.0, 96.0, 100.0, 100.0, 99.0, 96.0, 99.0, 100.0, 100.0, 98.0, 98.0, 97.0, 100.0, 100.0]"
01:03:17,99.2,2493.9679583333336,20.4,"[100.0, 100.0, 100.0, 100.0, 100.0, 100.0, 100.0, 100.0, 100.0, 100.0, 100.0, 97.0, 98.0, 100.0, 96.0, 100.0, 97.0, 99.0, 95.0, 100.0, 98.0, 100.0, 100.0, 98.0]"
01:03:46,99.2,2493.9694999999997,20.4,"[100.0, 96.0, 94.9, 100.0, 95.9, 100.0, 100.0, 100.0, 100.0, 100.0, 100.0, 100.0, 100.0, 100.0, 97.0, 100.0, 100.0, 96.0, 100.0, 99.0, 100.0, 100.0, 97.0, 100.0]"
01:04:15,99.0,2493.9680000000003,20.4,"[100.0, 100.0, 97.0, 97.0, 100.0, 97.0, 100.0, 97.0, 99.0, 100.0, 100.0, 100.0, 100.0, 100.0, 99.0, 100.0, 98.0, 96.9, 100.0, 100.0, 98.0, 97.0, 100.0, 97.0]"
01:04:44,98.2,2493.969291666667,20.4,"[98.0, 95.9, 96.0, 100.0, 98.0, 100.0, 98.0, 96.9, 99.0, 100.0, 96.9, 100.0, 100.0, 98.0, 96.0, 100.0, 99.0, 98.0, 100.0, 100.0, 97.0, 100.0, 100.0, 100.0]"
01:05:13,98.7,2493.9692916666663,20.4,"[100.0, 100.0, 100.0, 100.0, 100.0, 100.0, 95.9, 96.0, 97.0, 98.0, 97.0, 96.9, 98.0, 100.0, 99.0, 97.0, 100.0, 100.0, 100.0, 98.0, 97.0, 98.0, 100.0, 99.0]"
01:05:42,99.2,2493.969291666667,20.4,"[97.0, 100.0, 100.0, 100.0, 100.0, 99.0, 100.0, 96.1, 99.0, 100.0, 100.0, 100.0, 100.0, 100.0, 100.0, 100.0, 97.0, 100.0, 100.0, 98.0, 96.0, 98.0, 100.0, 100.0]"
01:06:11,98.2,2493.9680000000003,20.4,"[98.0, 100.0, 97.0, 98.0, 99.0, 98.0, 100.0, 98.0, 98.0, 100.0, 100.0, 100.0, 100.0, 96.0, 96.0, 99.0, 100.0, 97.9, 97.0, 98.0, 96.0, 95.9, 97.0, 100.0]"
01:06:40,99.2,2493.9694583333335,20.4,"[98.0, 99.0, 97.0, 100.0, 100.0, 100.0, 97.0, 97.0, 98.0, 100.0, 100.0, 100.0, 100.0, 100.0, 100.0, 100.0, 93.9, 100.0, 100.0, 100.0, 100.0, 100.0, 100.0, 100.0]"
01:07:09,97.7,2493.9692083333334,20.5,"[100.0, 100.0, 97.9, 96.0, 100.0, 98.0, 97.0, 94.9, 97.0, 99.0, 97.0, 100.0, 97.0, 100.0, 98.0, 99.0, 98.0, 100.0, 100.0, 98.0, 99.0, 98.0, 98.0, 99.0]"
01:07:38,99.0,2493.9698333333336,20.4,"[97.0, 97.0, 100.0, 100.0, 100.0, 100.0, 100.0, 97.0, 97.0, 98.0, 100.0, 100.0, 100.0, 99.0, 100.0, 100.0, 100.0, 100.0, 96.0, 96.0, 97.0, 100.0, 100.0, 97.0]"
01:08:07,97.9,2493.9691666666663,20.5,"[100.0, 96.9, 100.0, 95.9, 96.9, 97.0, 98.0, 97.0, 98.0, 96.0, 100.0, 96.9, 98.0, 99.0, 99.0, 97.0, 100.0, 100.0, 99.0, 97.0, 97.0, 99.0, 98.0, 98.0]"
01:08:36,98.9,2493.9690833333334,20.4,"[96.0, 96.0, 100.0, 97.0, 100.0, 97.0, 100.0, 100.0, 98.0, 96.9, 100.0, 95.9, 100.0, 100.0, 100.0, 97.0, 100.0, 100.0, 100.0, 98.0, 100.0, 100.0, 100.0, 100.0]"
01:09:05,98.5,2493.9690833333334,20.4,"[100.0, 100.0, 100.0, 99.0, 99.0, 98.0, 98.0, 97.0, 98.0, 100.0, 100.0, 100.0, 100.0, 100.0, 98.0, 97.0, 99.0, 100.0, 96.9, 100.0, 96.0, 96.0, 97.0, 100.0]"
01:09:34,98.7,2493.9694583333335,20.4,"[98.0, 97.0, 100.0, 96.9, 100.0, 100.0, 100.0, 100.0, 100.0, 100.0, 98.0, 97.0, 99.0, 100.0, 96.0, 98.0, 100.0, 100.0, 100.0, 96.0, 96.9, 95.9, 100.0, 100.0]"
01:10:03,98.7,2493.9680000000003,20.4,"[100.0, 100.0, 100.0, 100.0, 97.0, 100.0, 96.0, 100.0, 96.9, 100.0, 100.0, 96.0, 100.0, 100.0, 97.0, 96.9, 100.0, 100.0, 99.0, 100.0, 99.0, 98.0, 97.0, 100.0]"
01:10:32,99.1,2493.9696249999997,20.4,"[97.0, 100.0, 100.0, 97.9, 100.0, 100.0, 98.0, 100.0, 100.0, 99.0, 100.0, 100.0, 98.0, 100.0, 100.0, 100.0, 100.0, 97.0, 100.0, 94.8, 100.0, 100.0, 96.0, 100.0]"
01:11:01,98.5,2493.969458333334,20.5,"[97.0, 97.0, 100.0, 100.0, 100.0, 98.0, 100.0, 97.0, 99.0, 100.0, 100.0, 100.0, 100.0, 100.0, 99.0, 99.0, 98.0, 100.0, 100.0, 100.0, 97.0, 97.0, 98.0, 100.0]"
01:11:30,99.2,2493.9694999999997,20.4,"[100.0, 100.0, 100.0, 100.0, 98.0, 100.0, 100.0, 100.0, 100.0, 100.0, 100.0, 97.0, 100.0, 100.0, 100.0, 100.0, 96.0, 100.0, 96.9, 100.0, 96.9, 100.0, 98.0, 100.0]"
01:11:59,98.5,2493.9680000000003,20.4,"[97.0, 98.0, 98.0, 99.0, 100.0, 100.0, 100.0, 100.0, 100.0, 97.0, 94.9, 100.0, 99.0, 99.0, 100.0, 100.0, 100.0, 97.0, 96.0, 98.0, 96.9, 97.0, 100.0, 98.0]"
01:12:28,98.6,2493.9694999999997,20.4,"[100.0, 97.0, 98.0, 100.0, 97.0, 100.0, 100.0, 96.0, 100.0, 100.0, 96.0, 98.0, 96.9, 100.0, 98.0, 100.0, 96.0, 96.9, 98.0, 100.0, 100.0, 98.0, 100.0, 98.0]"
01:12:57,97.9,2493.9694583333335,20.5,"[99.0, 97.0, 98.0, 100.0, 100.0, 98.0, 98.0, 100.0, 98.0, 97.0, 99.0, 97.0, 100.0, 96.9, 98.0, 97.0, 97.0, 100.0, 97.0, 100.0, 96.9, 97.0, 97.9, 100.0]"
01:13:26,98.7,2493.969291666666,20.4,"[98.0, 97.0, 96.0, 94.9, 100.0, 96.0, 100.0, 100.0, 100.0, 95.9, 100.0, 100.0, 96.0, 100.0, 100.0, 97.0, 99.0, 95.9, 100.0, 100.0, 100.0, 97.0, 98.0, 100.0]"
01:13:55,97.8,2493.967916666667,20.5,"[97.0, 97.0, 96.9, 98.0, 98.0, 100.0, 99.0, 96.9, 99.0, 97.0, 100.0, 96.9, 99.0, 100.0, 100.0, 97.0, 97.0, 100.0, 94.9, 99.0, 96.9, 100.0, 96.0, 100.0]"
01:14:24,98.9,2493.9695833333335,20.4,"[100.0, 100.0, 100.0, 100.0, 100.0, 100.0, 100.0, 100.0, 100.0, 100.0, 100.0, 100.0, 99.0, 99.0, 100.0, 100.0, 96.9, 96.0, 100.0, 97.0, 97.0, 98.0, 96.9, 96.9]"
01:14:53,97.8,2493.9687083333333,20.5,"[96.0, 96.0, 98.0, 97.0, 96.0, 97.0, 98.0, 97.0, 95.0, 95.0, 98.0, 100.0, 100.0, 100.0, 97.0, 98.0, 97.0, 97.0, 96.0, 96.0, 96.0, 98.0, 96.0, 99.0]"
01:15:22,98.9,2493.969125,20.4,"[100.0, 100.0, 100.0, 99.0, 100.0, 100.0, 100.0, 100.0, 100.0, 100.0, 100.0, 100.0, 100.0, 96.9, 100.0, 100.0, 98.0, 98.0, 96.9, 96.9, 97.0, 95.9, 95.0, 100.0]"
01:15:51,99.0,2493.9692499999996,20.4,"[96.0, 97.0, 97.0, 100.0, 97.0, 97.0, 96.0, 100.0, 97.1, 96.0, 97.0, 96.0, 100.0, 97.0, 98.0, 96.0, 95.9, 100.0, 96.0, 100.0, 100.0, 100.0, 98.0, 100.0]"
01:16:20,98.8,2493.9694583333335,20.4,"[96.0, 98.0, 100.0, 100.0, 100.0, 100.0, 100.0, 98.0, 98.0, 99.0, 100.0, 100.0, 96.0, 95.9, 100.0, 99.0, 98.0, 96.0, 100.0, 98.0, 100.0, 100.0, 97.0, 100.0]"
01:16:49,99.1,2493.969666666666,20.4,"[96.9, 100.0, 100.0, 95.9, 100.0, 100.0, 96.0, 100.0, 98.0, 100.0, 100.0, 100.0, 97.0, 100.0, 94.9, 100.0, 100.0, 99.0, 100.0, 100.0, 96.0, 100.0, 96.9, 100.0]"
01:17:18,98.2,2493.9695,20.4,"[97.0, 98.0, 98.0, 100.0, 100.0, 100.0, 98.0, 98.0, 98.0, 97.0, 100.0, 100.0, 100.0, 100.0, 96.0, 100.0, 100.0, 100.0, 98.0, 100.0, 98.0, 98.0, 94.9, 95.9]"
01:17:47,98.9,2493.969833333333,20.4,"[100.0, 100.0, 97.9, 100.0, 96.0, 100.0, 96.9, 100.0, 100.0, 95.0, 100.0, 97.0, 100.0, 100.0, 100.0, 100.0, 100.0, 97.0, 100.0, 100.0, 100.0, 100.0, 100.0, 100.0]"
01:18:16,98.8,2493.9692499999996,20.4,"[96.0, 96.9, 98.0, 100.0, 100.0, 95.9, 95.0, 100.0, 98.0, 100.0, 96.9, 100.0, 100.0, 98.0, 99.0, 100.0, 100.0, 97.0, 100.0, 100.0, 100.0, 98.0, 100.0, 100.0]"
01:18:45,99.0,2493.968875,20.4,"[100.0, 94.9, 96.0, 98.0, 98.0, 100.0, 100.0, 98.0, 100.0, 100.0, 97.0, 100.0, 97.0, 100.0, 97.0, 100.0, 100.0, 100.0, 100.0, 100.0, 100.0, 100.0, 98.0, 98.0]"
01:19:14,99.1,2493.9695416666673,20.4,"[100.0, 100.0, 100.0, 100.0, 100.0, 100.0, 100.0, 100.0, 100.0, 100.0, 100.0, 100.0, 100.0, 98.0, 100.0, 100.0, 96.9, 100.0, 97.0, 97.0, 100.0, 98.0, 98.0, 97.0]"
01:19:43,98.9,2493.9692083333334,20.4,"[95.0, 100.0, 96.0, 100.0, 98.0, 100.0, 100.0, 98.0, 100.0, 100.0, 100.0, 100.0, 100.0, 98.0, 96.0, 100.0, 100.0, 95.9, 100.0, 100.0, 100.0, 96.0, 100.0, 100.0]"
01:20:12,98.5,2493.96925,20.5,"[100.0, 96.9, 99.0, 100.0, 99.0, 96.0, 98.0, 97.0, 100.0, 98.0, 100.0, 97.0, 100.0, 98.0, 99.0, 95.9, 100.0, 100.0, 98.0, 98.0, 100.0, 98.0, 99.0, 100.0]"
01:20:41,99.0,2493.9694166666663,20.4,"[99.0, 98.0, 98.0, 100.0, 100.0, 100.0, 97.0, 96.9, 98.0, 100.0, 97.0, 100.0, 100.0, 100.0, 100.0, 100.0, 100.0, 100.0, 100.0, 100.0, 99.0, 100.0, 100.0, 100.0]"
01:21:10,98.1,2493.9680000000003,20.4,"[99.0, 100.0, 99.0, 98.0, 98.0, 100.0, 100.0, 100.0, 100.0, 100.0, 98.0, 100.0, 98.0, 96.0, 100.0, 97.0, 100.0, 96.0, 95.9, 97.0, 100.0, 95.9, 96.0, 97.0]"
01:21:39,99.2,2493.969291666667,20.4,"[100.0, 98.0, 100.0, 100.0, 100.0, 100.0, 100.0, 100.0, 100.0, 97.0, 100.0, 100.0, 100.0, 99.0, 100.0, 97.0, 100.0, 98.0, 94.9, 97.0, 95.9, 100.0, 100.0, 100.0]"
01:22:08,97.7,2493.969083333333,20.5,"[98.0, 98.0, 93.8, 94.9, 100.0, 100.0, 94.9, 100.0, 97.0, 95.0, 95.0, 97.0, 96.0, 98.0, 97.0, 98.0, 97.0, 98.0, 100.0, 98.0, 97.0, 98.0, 97.0, 98.0]"
01:22:37,99.0,2493.9694999999997,20.4,"[100.0, 100.0, 98.0, 94.9, 98.0, 100.0, 100.0, 96.0, 100.0, 99.0, 97.0, 97.0, 100.0, 96.9, 100.0, 100.0, 100.0, 100.0, 100.0, 96.0, 100.0, 100.0, 100.0, 100.0]"
01:23:06,98.9,2493.969083333333,20.4,"[96.0, 95.0, 97.0, 96.0, 100.0, 96.0, 96.0, 100.0, 95.9, 95.9, 99.0, 99.0, 97.0, 99.0, 100.0, 100.0, 99.0, 97.0, 100.0, 100.0, 100.0, 96.9, 100.0, 100.0]"
01:23:35,99.2,2493.9695,20.4,"[100.0, 98.0, 100.0, 100.0, 96.9, 93.9, 100.0, 100.0, 100.0, 96.0, 100.0, 100.0, 100.0, 97.0, 97.0, 100.0, 100.0, 98.0, 100.0, 100.0, 100.0, 100.0, 100.0, 97.0]"
01:24:04,98.4,2493.9680000000003,20.4,"[99.0, 100.0, 97.0, 99.0, 96.0, 100.0, 100.0, 96.0, 98.0, 96.0, 96.0, 98.0, 100.0, 97.0, 100.0, 96.9, 97.0, 100.0, 98.0, 100.0, 100.0, 96.0, 99.0, 100.0]"
01:24:33,99.0,2493.969583333333,20.4,"[100.0, 100.0, 100.0, 95.9, 100.0, 100.0, 100.0, 97.0, 97.0, 100.0, 97.0, 100.0, 98.0, 99.0, 100.0, 100.0, 100.0, 100.0, 99.0, 97.0, 100.0, 100.0, 99.0, 100.0]"
01:25:02,98.7,2493.969666666667,20.5,"[96.9, 100.0, 96.0, 100.0, 100.0, 100.0, 94.9, 95.9, 96.0, 100.0, 100.0, 100.0, 98.0, 100.0, 100.0, 97.0, 98.0, 97.0, 98.0, 99.0, 100.0, 95.9, 100.0, 97.0]"
01:25:31,99.1,2493.9693333333335,20.4,"[100.0, 100.0, 98.0, 97.0, 100.0, 95.9, 100.0, 100.0, 94.9, 98.0, 99.0, 100.0, 100.0, 100.0, 97.0, 100.0, 100.0, 100.0, 100.0, 100.0, 98.0, 100.0, 100.0, 100.0]"
01:26:00,98.4,2493.967958333334,20.4,"[98.0, 99.0, 100.0, 100.0, 100.0, 94.9, 100.0, 98.0, 100.0, 99.0, 100.0, 96.0, 100.0, 100.0, 100.0, 96.9, 96.0, 96.9, 100.0, 99.0, 98.0, 96.0, 97.0, 100.0]"
01:26:29,98.7,2493.969583333334,20.4,"[100.0, 97.0, 97.0, 99.0, 96.9, 97.9, 100.0, 97.0, 96.0, 100.0, 98.0, 96.0, 100.0, 100.0, 100.0, 100.0, 100.0, 100.0, 100.0, 98.0, 100.0, 100.0, 100.0, 96.9]"
01:26:58,98.4,2493.9694583333335,20.5,"[96.9, 99.0, 100.0, 96.0, 100.0, 97.0, 97.0, 98.0, 96.9, 100.0, 100.0, 96.9, 97.9, 100.0, 96.9, 98.0, 98.0, 100.0, 98.0, 100.0, 100.0, 97.0, 100.0, 98.0]"
01:27:27,99.1,2493.969208333333,20.4,"[100.0, 100.0, 99.0, 100.0, 100.0, 99.0, 98.0, 96.0, 100.0, 100.0, 100.0, 100.0, 98.0, 99.0, 96.9, 100.0, 100.0, 98.0, 100.0, 100.0, 96.9, 96.0, 100.0, 100.0]"
01:27:56,98.3,2493.9694583333326,20.5,"[100.0, 98.0, 96.9, 100.0, 100.0, 100.0, 100.0, 96.0, 97.9, 100.0, 97.0, 100.0, 97.0, 98.0, 100.0, 98.0, 100.0, 99.0, 100.0, 97.0, 99.0, 98.0, 98.0, 99.0]"
01:28:25,98.7,2493.969583333333,20.4,"[98.0, 100.0, 98.0, 96.0, 100.0, 100.0, 96.0, 100.0, 96.9, 100.0, 96.9, 100.0, 99.0, 97.0, 100.0, 96.0, 100.0, 99.0, 100.0, 100.0, 100.0, 100.0, 98.0, 100.0]"
01:28:54,97.6,2493.9690416666667,20.4,"[98.0, 98.0, 97.0, 96.9, 100.0, 98.0, 98.0, 99.0, 98.0, 97.0, 97.0, 97.0, 96.0, 96.9, 100.0, 100.0, 100.0, 97.0, 98.0, 96.9, 98.0, 96.9, 96.0, 100.0]"
01:29:23,99.4,2493.969416666667,20.4,"[97.0, 100.0, 100.0, 100.0, 100.0, 100.0, 100.0, 100.0, 100.0, 100.0, 100.0, 100.0, 98.0, 100.0, 100.0, 97.0, 100.0, 97.0, 97.0, 98.0, 100.0, 100.0, 100.0, 98.0]"
01:29:52,97.8,2493.9693333333335,20.5,"[97.0, 96.9, 100.0, 96.9, 99.0, 98.0, 100.0, 98.0, 98.0, 97.0, 98.0, 98.0, 98.0, 96.0, 96.9, 98.0, 98.0, 97.0, 97.0, 98.0, 98.0, 96.0, 94.9, 98.0]"
01:30:21,98.7,2493.9693333333335,20.4,"[100.0, 100.0, 100.0, 98.0, 98.0, 100.0, 100.0, 97.0, 100.0, 100.0, 100.0, 100.0, 99.0, 97.0, 100.0, 96.9, 100.0, 97.0, 100.0, 96.9, 95.9, 100.0, 97.0, 97.9]"
01:30:50,99.2,2493.969083333333,20.4,"[99.0, 99.0, 100.0, 97.0, 100.0, 95.9, 95.9, 97.0, 100.0, 99.0, 100.0, 96.0, 100.0, 100.0, 100.0, 100.0, 98.0, 98.0, 100.0, 98.0, 100.0, 96.9, 94.9, 98.0]"
01:31:19,98.9,2493.9694166666673,20.4,"[100.0, 100.0, 100.0, 94.9, 98.0, 97.0, 96.0, 100.0, 100.0, 100.0, 98.0, 100.0, 96.9, 100.0, 100.0, 100.0, 97.0, 98.0, 98.0, 100.0, 99.0, 100.0, 100.0, 100.0]"
01:31:48,99.1,2493.969541666666,20.4,"[100.0, 100.0, 100.0, 100.0, 98.0, 96.0, 100.0, 100.0, 96.0, 99.0, 100.0, 100.0, 94.9, 100.0, 100.0, 96.9, 96.0, 100.0, 100.0, 100.0, 96.0, 100.0, 100.0, 100.0]"
01:32:17,99.0,2493.969375,20.4,"[95.9, 100.0, 98.0, 100.0, 98.0, 97.0, 97.0, 97.0, 97.0, 100.0, 100.0, 98.0, 100.0, 99.0, 100.0, 100.0, 100.0, 99.0, 100.0, 98.0, 100.0, 100.0, 100.0, 100.0]"
01:32:46,99.1,2493.9694583333335,20.4,"[100.0, 100.0, 100.0, 100.0, 100.0, 96.9, 100.0, 98.0, 100.0, 100.0, 100.0, 100.0, 100.0, 93.9, 98.0, 100.0, 100.0, 100.0, 98.0, 96.9, 98.0, 100.0, 100.0, 96.9]"
01:33:15,98.8,2493.9680000000003,20.4,"[100.0, 100.0, 97.0, 100.0, 100.0, 100.0, 96.9, 96.0, 96.9, 98.0, 97.0, 99.0, 98.0, 98.0, 100.0, 100.0, 97.0, 100.0, 100.0, 100.0, 100.0, 97.0, 100.0, 94.8]"
01:33:44,98.9,2493.969458333333,20.4,"[100.0, 100.0, 96.0, 100.0, 100.0, 100.0, 100.0, 99.0, 100.0, 100.0, 97.0, 96.9, 97.0, 96.9, 100.0, 100.0, 97.0, 100.0, 96.0, 98.0, 100.0, 94.9, 100.0, 100.0]"
01:34:13,98.4,2493.96925,20.5,"[100.0, 100.0, 100.0, 96.9, 100.0, 100.0, 97.0, 99.0, 98.0, 100.0, 97.0, 100.0, 100.0, 98.0, 100.0, 100.0, 98.0, 97.0, 97.0, 98.0, 98.0, 100.0, 100.0, 97.0]"
01:34:42,98.9,2493.9691249999996,20.4,"[100.0, 100.0, 100.0, 100.0, 100.0, 100.0, 100.0, 100.0, 100.0, 97.0, 100.0, 98.0, 100.0, 97.9, 96.0, 100.0, 97.0, 96.0, 97.0, 100.0, 95.9, 100.0, 98.0, 99.0]"
01:35:11,98.6,2493.9680000000003,20.4,"[98.0, 96.9, 100.0, 100.0, 100.0, 100.0, 99.0, 98.0, 98.0, 99.0, 96.9, 100.0, 94.9, 100.0, 97.0, 100.0, 100.0, 95.9, 100.0, 98.0, 100.0, 100.0, 98.0, 97.0]"
01:35:40,98.8,2493.9692083333334,20.4,"[96.0, 96.0, 100.0, 100.0, 100.0, 100.0, 97.0, 100.0, 100.0, 96.9, 100.0, 100.0, 100.0, 98.0, 100.0, 100.0, 98.0, 100.0, 100.0, 100.0, 98.0, 99.0, 96.9, 100.0]"
01:36:09,97.3,2493.9693749999997,20.5,"[100.0, 97.0, 96.0, 98.0, 100.0, 96.9, 95.9, 96.0, 97.0, 98.0, 99.0, 98.0, 98.0, 99.0, 98.0, 98.0, 98.0, 97.0, 96.0, 98.0, 96.0, 98.0, 99.0, 97.0]"
01:36:38,99.3,2493.9696249999997,20.4,"[100.0, 100.0, 98.0, 100.0, 100.0, 100.0, 96.9, 96.0, 100.0, 97.0, 100.0, 100.0, 100.0, 100.0, 100.0, 100.0, 100.0, 100.0, 100.0, 98.0, 94.9, 100.0, 100.0, 96.9]"
01:37:07,98.1,2493.968833333333,20.5,"[98.0, 97.0, 100.0, 98.0, 100.0, 98.0, 97.0, 98.0, 100.0, 98.0, 99.0, 98.0, 97.0, 96.0, 97.0, 99.0, 97.0, 97.0, 100.0, 98.0, 96.0, 96.9, 98.0, 99.0]"
01:37:36,98.7,2493.9697499999997,20.4,"[96.9, 100.0, 100.0, 98.0, 98.0, 96.0, 100.0, 97.0, 100.0, 97.0, 100.0, 100.0, 100.0, 100.0, 100.0, 98.0, 100.0, 98.0, 96.0, 100.0, 100.0, 99.0, 100.0, 100.0]"
01:38:05,98.7,2493.9680000000003,20.4,"[100.0, 100.0, 100.0, 96.0, 100.0, 98.0, 100.0, 100.0, 98.0, 100.0, 96.0, 97.0, 98.0, 100.0, 100.0, 98.0, 100.0, 98.0, 100.0, 98.0, 99.0, 100.0, 97.0, 99.0]"
01:38:34,98.7,2493.969333333333,20.4,"[98.0, 100.0, 98.0, 98.0, 100.0, 100.0, 100.0, 100.0, 100.0, 100.0, 98.0, 99.0, 98.0, 100.0, 96.0, 100.0, 97.0, 100.0, 100.0, 98.0, 100.0, 100.0, 100.0, 100.0]"
01:39:03,98.7,2493.9691666666668,20.5,"[100.0, 94.9, 100.0, 100.0, 100.0, 100.0, 97.0, 100.0, 100.0, 100.0, 96.0, 97.0, 95.9, 97.0, 100.0, 97.0, 96.9, 97.0, 100.0, 100.0, 100.0, 95.9, 100.0, 100.0]"
01:39:32,98.5,2493.9696249999997,20.4,"[100.0, 100.0, 100.0, 96.0, 96.9, 96.0, 97.0, 100.0, 96.0, 100.0, 98.0, 100.0, 97.0, 99.0, 100.0, 99.0, 100.0, 97.0, 100.0, 100.0, 100.0, 100.0, 100.0, 100.0]"
01:40:01,98.6,2493.9680000000003,20.5,"[100.0, 100.0, 100.0, 100.0, 100.0, 100.0, 100.0, 100.0, 100.0, 97.0, 98.0, 99.0, 96.0, 97.0, 96.0, 100.0, 100.0, 100.0, 96.9, 98.0, 96.9, 100.0, 95.9, 100.0]"
01:40:30,99.0,2493.9697083333335,20.4,"[99.0, 100.0, 99.0, 100.0, 100.0, 100.0, 100.0, 100.0, 100.0, 99.0, 99.0, 100.0, 100.0, 100.0, 98.0, 97.0, 100.0, 100.0, 100.0, 97.0, 97.0, 96.9, 100.0, 100.0]"
01:40:59,98.6,2493.9680000000003,20.5,"[100.0, 100.0, 96.9, 100.0, 100.0, 98.0, 100.0, 97.0, 95.9, 99.0, 100.0, 100.0, 96.0, 98.0, 96.0, 97.0, 100.0, 97.0, 97.0, 100.0, 96.9, 100.0, 98.0, 100.0]"
01:41:28,98.7,2493.969541666667,20.4,"[100.0, 100.0, 100.0, 100.0, 99.0, 96.0, 100.0, 98.0, 100.0, 100.0, 96.0, 96.0, 100.0, 100.0, 100.0, 100.0, 97.0, 100.0, 100.0, 100.0, 100.0, 100.0, 100.0, 97.0]"
01:41:57,98.6,2493.969541666667,20.5,"[100.0, 100.0, 97.0, 98.0, 100.0, 98.0, 98.0, 97.0, 100.0, 98.0, 98.0, 96.0, 100.0, 100.0, 98.0, 98.0, 100.0, 100.0, 100.0, 100.0, 99.0, 100.0, 97.0, 97.0]"
01:42:26,99.1,2493.96925,20.4,"[100.0, 99.0, 97.0, 100.0, 100.0, 97.0, 100.0, 97.0, 100.0, 100.0, 100.0, 100.0, 100.0, 97.0, 100.0, 97.0, 96.9, 98.0, 100.0, 97.0, 100.0, 98.0, 100.0, 100.0]"
01:42:55,97.9,2493.967916666667,20.5,"[97.0, 98.0, 96.0, 98.0, 100.0, 96.0, 99.0, 98.0, 100.0, 96.0, 100.0, 98.0, 100.0, 97.0, 99.0, 100.0, 100.0, 96.0, 94.9, 98.0, 98.0, 98.0, 100.0, 100.0]"
01:43:24,98.6,2493.969583333333,20.4,"[100.0, 96.9, 93.9, 100.0, 96.0, 98.0, 100.0, 100.0, 100.0, 96.0, 95.9, 98.0, 100.0, 96.9, 100.0, 100.0, 100.0, 100.0, 100.0, 96.9, 100.0, 100.0, 100.0, 100.0]"
01:43:53,98.1,2493.9693749999997,20.5,"[98.0, 98.0, 98.0, 98.0, 97.0, 96.0, 95.9, 98.0, 100.0, 100.0, 100.0, 96.0, 100.0, 98.0, 100.0, 97.0, 96.9, 97.0, 96.0, 99.0, 97.0, 97.0, 100.0, 100.0]"
01:44:22,99.2,2493.96925,20.4,"[100.0, 100.0, 98.0, 96.0, 100.0, 98.0, 100.0, 100.0, 98.0, 100.0, 99.0, 100.0, 98.0, 100.0, 100.0, 100.0, 97.0, 97.0, 97.0, 100.0, 96.0, 100.0, 100.0, 100.0]"
01:44:51,98.6,2493.9692499999996,20.5,"[99.0, 97.0, 97.9, 100.0, 99.0, 96.0, 100.0, 98.0, 96.0, 97.0, 100.0, 97.9, 94.0, 96.0, 95.0, 96.0, 97.0, 100.0, 98.0, 98.0, 98.0, 98.0, 97.0, 98.0]"
01:45:20,99.2,2493.969375,20.4,"[96.0, 100.0, 98.0, 100.0, 96.0, 100.0, 100.0, 98.0, 100.0, 100.0, 99.0, 100.0, 100.0, 100.0, 96.9, 100.0, 96.9, 100.0, 98.0, 100.0, 100.0, 100.0, 97.0, 100.0]"
01:45:49,99.1,2493.9696249999997,20.4,"[99.0, 99.0, 99.0, 100.0, 98.0, 96.9, 97.0, 100.0, 98.0, 96.0, 100.0, 100.0, 97.0, 100.0, 100.0, 100.0, 100.0, 99.0, 100.0, 100.0, 94.9, 96.0, 100.0, 99.0]"
01:46:18,98.7,2493.969208333333,20.4,"[100.0, 97.0, 97.0, 100.0, 95.9, 100.0, 97.0, 100.0, 100.0, 97.0, 100.0, 96.9, 99.0, 98.0, 100.0, 99.0, 100.0, 100.0, 100.0, 99.0, 100.0, 100.0, 99.0, 96.9]"
01:46:47,98.7,2493.9696666666664,20.4,"[100.0, 96.0, 100.0, 100.0, 98.0, 100.0, 100.0, 99.0, 94.0, 99.0, 100.0, 98.0, 96.9, 99.0, 97.0, 96.9, 100.0, 100.0, 100.0, 100.0, 100.0, 97.0, 100.0, 95.9]"
01:47:16,99.0,2493.9694583333335,20.4,"[98.0, 100.0, 98.0, 100.0, 100.0, 100.0, 100.0, 100.0, 100.0, 100.0, 100.0, 96.9, 100.0, 100.0, 100.0, 97.0, 98.0, 100.0, 97.0, 100.0, 100.0, 96.9, 97.0, 100.0]"
01:47:45,98.5,2493.9695416666664,20.4,"[97.0, 100.0, 100.0, 96.9, 98.0, 100.0, 100.0, 100.0, 100.0, 97.0, 100.0, 97.0, 98.0, 98.0, 94.9, 95.0, 97.0, 100.0, 100.0, 100.0, 96.9, 99.0, 100.0, 100.0]"
01:48:14,98.6,2493.9680000000003,20.5,"[98.0, 94.9, 97.0, 96.0, 98.0, 100.0, 100.0, 98.0, 100.0, 98.0, 100.0, 96.9, 98.0, 96.0, 100.0, 95.9, 100.0, 100.0, 97.0, 96.0, 98.0, 100.0, 100.0, 100.0]"
01:48:43,99.1,2493.969166666667,20.4,"[98.0, 100.0, 97.0, 97.0, 98.0, 99.0, 98.0, 98.0, 100.0, 100.0, 98.0, 100.0, 100.0, 97.0, 100.0, 100.0, 100.0, 100.0, 100.0, 97.0, 100.0, 100.0, 100.0, 100.0]"
01:49:12,98.7,2493.9699583333336,20.5,"[100.0, 100.0, 100.0, 100.0, 100.0, 100.0, 100.0, 100.0, 96.9, 100.0, 100.0, 98.0, 98.0, 98.0, 99.0, 96.0, 99.0, 100.0, 100.0, 97.0, 99.0, 98.0, 100.0, 98.0]"
01:49:41,99.2,2493.9692499999996,20.4,"[100.0, 100.0, 100.0, 100.0, 100.0, 100.0, 100.0, 100.0, 100.0, 100.0, 100.0, 100.0, 100.0, 98.0, 100.0, 96.9, 97.0, 98.0, 100.0, 100.0, 100.0, 98.0, 98.0, 98.0]"
01:50:10,98.2,2493.9680000000003,20.5,"[96.0, 95.9, 100.0, 99.0, 98.0, 96.0, 100.0, 99.0, 98.0, 100.0, 96.0, 96.9, 97.0, 100.0, 100.0, 98.0, 98.0, 100.0, 100.0, 100.0, 95.0, 100.0, 96.0, 100.0]"
01:50:39,99.5,2493.969416666667,20.4,"[100.0, 100.0, 100.0, 96.9, 96.0, 96.0, 100.0, 98.0, 100.0, 100.0, 100.0, 100.0, 100.0, 100.0, 100.0, 100.0, 100.0, 100.0, 100.0, 100.0, 100.0, 100.0, 100.0, 100.0]"
01:51:08,97.9,2493.969541666667,20.5,"[100.0, 100.0, 97.0, 100.0, 96.9, 100.0, 99.0, 100.0, 97.0, 97.0, 100.0, 95.9, 100.0, 97.0, 97.0, 99.0, 94.9, 97.9, 97.0, 94.9, 93.9, 100.0, 95.0, 96.0]"
01:51:37,99.0,2493.9696249999997,20.4,"[100.0, 100.0, 98.0, 98.0, 100.0, 93.9, 96.9, 100.0, 100.0, 100.0, 94.9, 99.0, 100.0, 100.0, 100.0, 100.0, 97.0, 100.0, 100.0, 100.0, 100.0, 100.0, 100.0, 96.0]"
01:52:06,98.4,2493.969458333333,20.5,"[100.0, 100.0, 96.9, 97.0, 100.0, 97.0, 95.0, 95.0, 100.0, 96.9, 97.0, 100.0, 96.0, 97.0, 97.0, 98.0, 98.0, 100.0, 96.0, 97.0, 96.9, 96.0, 100.0, 98.0]"
01:52:35,99.0,2493.9694583333335,20.4,"[100.0, 100.0, 96.0, 100.0, 100.0, 99.0, 100.0, 100.0, 100.0, 100.0, 100.0, 100.0, 96.0, 96.9, 100.0, 97.0, 100.0, 100.0, 100.0, 97.0, 100.0, 98.0, 97.0, 96.9]"
01:53:04,98.3,2493.969333333333,20.5,"[100.0, 100.0, 100.0, 100.0, 98.0, 96.9, 98.0, 96.9, 98.0, 100.0, 98.0, 100.0, 100.0, 95.9, 100.0, 95.9, 96.0, 100.0, 100.0, 96.0, 98.0, 100.0, 97.0, 100.0]"
01:53:33,98.9,2493.969416666667,20.4,"[100.0, 100.0, 100.0, 98.0, 98.0, 100.0, 97.0, 96.9, 100.0, 96.0, 96.9, 100.0, 100.0, 96.9, 100.0, 100.0, 96.9, 100.0, 100.0, 100.0, 97.0, 97.0, 100.0, 100.0]"
01:54:02,98.2,2493.9693333333335,20.5,"[100.0, 100.0, 97.0, 96.9, 100.0, 98.0, 96.9, 100.0, 100.0, 96.0, 97.0, 95.0, 100.0, 97.0, 97.0, 98.0, 98.0, 99.0, 100.0, 97.0, 98.0, 100.0, 100.0, 99.0]"
01:54:31,98.9,2493.9694583333335,20.4,"[100.0, 98.0, 100.0, 100.0, 96.9, 100.0, 97.0, 100.0, 99.0, 100.0, 100.0, 100.0, 100.0, 97.0, 100.0, 100.0, 100.0, 100.0, 100.0, 97.0, 97.0, 94.9, 100.0, 100.0]"
01:55:00,98.6,2493.9680000000003,20.5,"[96.9, 97.0, 100.0, 99.0, 97.0, 100.0, 98.0, 100.0, 96.9, 98.0, 96.0, 97.0, 99.0, 98.0, 100.0, 99.0, 100.0, 99.0, 100.0, 98.0, 98.0, 100.0, 100.0, 98.0]"
01:55:29,99.5,2493.969291666667,20.4,"[96.9, 96.0, 100.0, 98.0, 100.0, 100.0, 97.0, 98.0, 98.0, 97.0, 100.0, 100.0, 100.0, 100.0, 100.0, 100.0, 100.0, 100.0, 100.0, 100.0, 100.0, 100.0, 100.0, 100.0]"
01:55:58,98.6,2493.9692499999996,20.5,"[100.0, 100.0, 96.0, 100.0, 95.9, 100.0, 100.0, 98.0, 97.0, 97.0, 97.0, 98.0, 100.0, 97.0, 100.0, 100.0, 98.0, 100.0, 100.0, 98.0, 100.0, 98.0, 100.0, 98.0]"
01:56:27,99.0,2493.96925,20.4,"[98.0, 98.0, 100.0, 100.0, 96.9, 96.0, 100.0, 99.0, 100.0, 98.0, 96.9, 100.0, 100.0, 100.0, 100.0, 99.0, 100.0, 96.0, 100.0, 100.0, 100.0, 100.0, 100.0, 96.0]"
01:56:56,98.1,2493.9680000000003,20.5,"[97.9, 100.0, 98.0, 100.0, 96.0, 100.0, 100.0, 94.0, 95.9, 100.0, 97.0, 97.0, 99.0, 99.0, 98.0, 99.0, 99.0, 100.0, 96.0, 96.9, 100.0, 100.0, 98.0, 98.0]"
01:57:25,99.1,2493.969375,20.4,"[100.0, 99.0, 100.0, 100.0, 100.0, 100.0, 100.0, 100.0, 100.0, 100.0, 100.0, 100.0, 100.0, 100.0, 97.0, 100.0, 97.0, 98.0, 100.0, 100.0, 100.0, 100.0, 98.0, 100.0]"
01:57:54,97.8,2493.9691666666668,20.5,"[95.9, 96.9, 97.0, 96.9, 95.9, 100.0, 100.0, 100.0, 100.0, 96.9, 97.0, 100.0, 98.0, 96.0, 100.0, 100.0, 98.0, 98.0, 99.0, 100.0, 97.0, 96.0, 96.0, 96.0]"
01:58:23,99.1,2493.9697083333335,20.4,"[97.0, 100.0, 100.0, 100.0, 98.0, 97.9, 100.0, 97.0, 100.0, 96.0, 100.0, 96.0, 100.0, 100.0, 100.0, 100.0, 94.9, 100.0, 100.0, 99.0, 100.0, 100.0, 100.0, 100.0]"
01:58:52,98.6,2493.969708333333,20.5,"[100.0, 95.0, 94.9, 92.9, 100.0, 100.0, 95.9, 100.0, 100.0, 100.0, 94.9, 97.0, 100.0, 97.0, 97.0, 98.0, 96.0, 96.9, 97.0, 95.0, 100.0, 100.0, 100.0, 96.9]"
01:59:21,98.7,2493.9692499999996,20.4,"[98.0, 100.0, 95.9, 96.0, 100.0, 97.0, 95.0, 100.0, 100.0, 96.9, 96.0, 100.0, 100.0, 98.0, 100.0, 100.0, 98.0, 96.0, 100.0, 100.0, 95.9, 100.0, 100.0, 100.0]"
01:59:50,98.9,2493.9697499999997,20.4,"[100.0, 96.0, 100.0, 100.0, 100.0, 100.0, 100.0, 100.0, 99.0, 99.0, 94.9, 100.0, 100.0, 98.0, 94.8, 97.0, 100.0, 97.0, 100.0, 99.0, 99.0, 100.0, 97.0, 100.0]"
02:00:19,98.4,2493.969458333333,20.4,"[100.0, 99.0, 97.0, 98.0, 98.0, 97.0, 98.0, 100.0, 99.0, 100.0, 98.0, 100.0, 98.0, 100.0, 100.0, 100.0, 100.0, 100.0, 100.0, 97.0, 100.0, 97.0, 97.0, 100.0]"
02:00:48,99.1,2493.969416666667,20.4,"[100.0, 100.0, 100.0, 100.0, 96.0, 97.0, 97.0, 100.0, 100.0, 100.0, 100.0, 94.9, 100.0, 100.0, 100.0, 98.0, 98.0, 100.0, 100.0, 98.0, 100.0, 100.0, 97.0, 100.0]"
02:01:17,99.0,2493.9692499999996,20.4,"[99.0, 97.0, 100.0, 100.0, 100.0, 98.0, 100.0, 100.0, 100.0, 96.0, 100.0, 98.0, 100.0, 100.0, 96.9, 100.0, 100.0, 100.0, 100.0, 100.0, 98.0, 100.0, 96.9, 100.0]"
02:01:46,98.7,2493.969125,20.4,"[100.0, 99.0, 96.9, 100.0, 100.0, 98.0, 94.9, 97.0, 100.0, 100.0, 100.0, 98.0, 100.0, 99.0, 100.0, 100.0, 100.0, 99.0, 100.0, 100.0, 99.0, 100.0, 97.0, 98.0]"
02:02:15,98.2,2493.9680000000003,20.4,"[100.0, 100.0, 98.0, 98.0, 97.0, 100.0, 98.0, 94.9, 98.0, 97.0, 98.0, 100.0, 96.0, 100.0, 100.0, 98.0, 100.0, 98.0, 100.0, 96.9, 99.0, 98.0, 99.0, 100.0]"
02:02:44,99.0,2493.9696249999993,20.4,"[96.9, 97.0, 100.0, 100.0, 100.0, 100.0, 100.0, 100.0, 100.0, 97.0, 100.0, 100.0, 96.9, 100.0, 95.0, 98.0, 100.0, 97.0, 100.0, 100.0, 100.0, 100.0, 95.0, 96.0]"
02:03:13,98.5,2493.969625,20.5,"[94.9, 98.0, 98.0, 97.0, 100.0, 100.0, 98.0, 97.0, 100.0, 100.0, 100.0, 96.9, 100.0, 98.0, 97.0, 100.0, 100.0, 100.0, 99.0, 98.0, 100.0, 98.0, 97.0, 98.0]"
02:03:42,99.0,2493.9693749999997,20.4,"[100.0, 100.0, 99.0, 98.0, 100.0, 96.0, 100.0, 100.0, 100.0, 100.0, 100.0, 98.0, 100.0, 97.0, 100.0, 100.0, 95.9, 100.0, 100.0, 96.9, 94.9, 100.0, 98.0, 100.0]"
02:04:11,98.3,2493.969208333334,20.5,"[100.0, 100.0, 99.0, 96.0, 98.0, 100.0, 100.0, 100.0, 97.0, 100.0, 100.0, 100.0, 97.0, 100.0, 99.0, 98.0, 98.0, 97.0, 97.0, 97.0, 99.0, 99.0, 98.0, 100.0]"
02:04:40,98.7,2493.9692500000006,20.4,"[95.9, 100.0, 100.0, 100.0, 100.0, 96.0, 100.0, 100.0, 97.0, 100.0, 96.9, 100.0, 98.0, 96.0, 100.0, 100.0, 97.0, 97.0, 98.0, 98.0, 100.0, 95.9, 100.0, 100.0]"
02:05:09,97.6,2493.969375,20.5,"[100.0, 97.0, 97.0, 100.0, 96.0, 98.0, 98.0, 96.9, 96.0, 98.0, 97.0, 100.0, 98.0, 100.0, 98.0, 98.0, 98.0, 99.0, 98.0, 97.9, 99.0, 98.0, 100.0, 100.0]"
02:05:38,98.9,2493.9694166666663,20.4,"[100.0, 100.0, 100.0, 100.0, 96.0, 97.0, 100.0, 96.0, 95.9, 100.0, 96.0, 100.0, 98.0, 100.0, 100.0, 100.0, 96.0, 100.0, 100.0, 97.0, 100.0, 97.1, 97.0, 100.0]"
02:06:07,97.9,2493.969375,20.5,"[98.0, 98.0, 97.0, 95.9, 100.0, 99.0, 94.9, 98.0, 96.0, 99.0, 98.0, 93.9, 100.0, 100.0, 100.0, 99.0, 97.0, 97.0, 93.9, 94.9, 99.0, 98.0, 96.0, 96.9]"
02:06:36,98.8,2493.9692499999996,20.4,"[97.0, 96.0, 99.0, 100.0, 100.0, 100.0, 97.0, 100.0, 100.0, 99.0, 99.0, 100.0, 100.0, 100.0, 100.0, 100.0, 96.9, 97.0, 100.0, 98.0, 100.0, 97.0, 94.9, 100.0]"
02:07:05,98.9,2493.969541666667,20.4,"[100.0, 97.0, 96.0, 100.0, 100.0, 96.9, 100.0, 97.0, 95.9, 100.0, 100.0, 100.0, 97.9, 99.0, 99.0, 100.0, 100.0, 100.0, 100.0, 96.0, 98.0, 100.0, 100.0, 96.0]"
02:07:34,98.6,2493.969125,20.4,"[100.0, 95.9, 100.0, 98.0, 99.0, 98.0, 99.0, 97.0, 98.0, 97.0, 100.0, 100.0, 98.0, 100.0, 100.0, 100.0, 100.0, 100.0, 98.0, 100.0, 100.0, 100.0, 100.0, 100.0]"
02:08:03,98.6,2493.9680000000003,20.4,"[100.0, 97.0, 100.0, 100.0, 99.0, 100.0, 95.9, 100.0, 100.0, 100.0, 100.0, 96.0, 100.0, 98.0, 98.0, 99.0, 96.9, 96.0, 100.0, 100.0, 100.0, 100.0, 98.0, 96.9]"
02:08:32,99.1,2493.969583333333,20.4,"[100.0, 96.0, 100.0, 100.0, 100.0, 100.0, 97.0, 100.0, 100.0, 100.0, 100.0, 97.0, 95.9, 98.0, 100.0, 98.0, 100.0, 96.0, 100.0, 100.0, 98.0, 100.0, 98.0, 99.0]"
02:09:01,98.3,2493.9680000000003,20.5,"[100.0, 100.0, 100.0, 98.0, 97.0, 96.0, 97.0, 100.0, 97.0, 100.0, 99.0, 100.0, 100.0, 100.0, 100.0, 98.0, 100.0, 97.0, 97.0, 95.9, 97.0, 98.0, 98.0, 97.9]"
02:09:30,98.8,2493.9692499999996,20.4,"[97.0, 97.0, 97.0, 100.0, 100.0, 100.0, 100.0, 98.0, 100.0, 96.9, 100.0, 100.0, 98.0, 99.0, 95.9, 100.0, 100.0, 100.0, 100.0, 97.0, 100.0, 96.0, 98.0, 100.0]"
02:09:59,98.7,2493.9683333333337,20.5,"[100.0, 97.0, 98.0, 100.0, 98.0, 100.0, 100.0, 97.0, 97.0, 99.0, 100.0, 95.9, 100.0, 97.0, 100.0, 96.0, 96.9, 100.0, 100.0, 100.0, 97.0, 100.0, 98.0, 100.0]"
02:10:28,99.2,2493.9694999999997,20.4,"[100.0, 100.0, 100.0, 97.0, 100.0, 100.0, 100.0, 100.0, 97.0, 97.0, 98.0, 100.0, 100.0, 100.0, 95.9, 100.0, 97.0, 97.0, 98.0, 98.0, 100.0, 100.0, 100.0, 100.0]"
02:10:57,97.8,2493.9695833333335,20.5,"[97.0, 96.9, 100.0, 100.0, 97.0, 100.0, 93.8, 97.0, 98.0, 95.9, 95.9, 96.0, 98.0, 98.0, 98.0, 98.0, 98.0, 100.0, 100.0, 100.0, 97.0, 100.0, 98.0, 100.0]"
02:11:26,99.0,2493.9696666666664,20.4,"[99.0, 97.0, 100.0, 97.0, 100.0, 98.0, 98.0, 98.0, 97.0, 100.0, 100.0, 100.0, 100.0, 99.0, 100.0, 100.0, 100.0, 100.0, 100.0, 100.0, 97.0, 97.0, 100.0, 100.0]"
02:11:55,97.9,2493.9680000000003,20.5,"[98.0, 97.0, 99.0, 98.0, 97.0, 98.0, 100.0, 97.0, 100.0, 100.0, 100.0, 96.0, 100.0, 96.0, 98.0, 99.0, 98.0, 97.0, 100.0, 95.9, 98.0, 100.0, 95.0, 99.0]"
02:12:24,99.1,2493.969625,20.4,"[100.0, 100.0, 100.0, 100.0, 100.0, 99.0, 100.0, 94.9, 100.0, 97.0, 100.0, 100.0, 100.0, 100.0, 100.0, 100.0, 100.0, 96.0, 97.0, 96.9, 96.9, 100.0, 98.0, 100.0]"
02:12:53,98.0,2493.9695416666664,20.5,"[97.0, 98.0, 97.0, 97.0, 99.0, 98.0, 99.0, 99.0, 96.0, 97.0, 98.0, 96.0, 97.0, 100.0, 100.0, 97.0, 100.0, 97.0, 100.0, 98.0, 98.0, 100.0, 100.0, 96.0]"
02:13:22,98.8,2493.969625,20.4,"[100.0, 100.0, 98.0, 97.0, 100.0, 100.0, 100.0, 95.9, 100.0, 96.0, 100.0, 97.0, 98.0, 97.0, 100.0, 100.0, 97.0, 100.0, 100.0, 100.0, 96.0, 98.0, 100.0, 97.0]"
02:13:51,98.9,2493.969583333333,20.4,"[100.0, 97.0, 98.0, 96.9, 98.0, 99.0, 96.9, 100.0, 100.0, 100.0, 100.0, 100.0, 97.0, 98.0, 100.0, 100.0, 100.0, 100.0, 98.0, 99.0, 100.0, 99.0, 97.0, 98.0]"
02:14:20,98.4,2493.9694583333335,20.4,"[96.0, 99.0, 100.0, 100.0, 100.0, 98.0, 94.9, 100.0, 94.9, 100.0, 100.0, 96.0, 100.0, 100.0, 100.0, 97.0, 98.0, 96.9, 99.0, 100.0, 100.0, 100.0, 100.0, 100.0]"
02:14:49,98.9,2493.969333333333,20.4,"[100.0, 95.9, 100.0, 100.0, 96.0, 100.0, 100.0, 95.9, 100.0, 100.0, 100.0, 99.0, 97.0, 100.0, 100.0, 95.9, 100.0, 100.0, 100.0, 98.0, 100.0, 100.0, 100.0, 100.0]"
02:15:18,98.2,2493.9691249999996,20.4,"[100.0, 96.0, 100.0, 97.0, 99.0, 98.0, 98.0, 100.0, 98.0, 100.0, 96.9, 96.9, 100.0, 97.0, 97.0, 97.0, 100.0, 97.0, 100.0, 95.9, 100.0, 100.0, 99.0, 100.0]"
02:15:47,98.7,2493.969708333333,20.4,"[98.0, 96.0, 100.0, 98.0, 99.0, 98.0, 97.0, 97.0, 97.0, 100.0, 100.0, 100.0, 99.0, 97.0, 100.0, 100.0, 100.0, 100.0, 100.0, 100.0, 99.0, 100.0, 100.0, 100.0]"
02:16:16,98.7,2493.9692499999996,20.4,"[100.0, 96.0, 100.0, 100.0, 100.0, 96.9, 96.0, 100.0, 100.0, 98.0, 100.0, 98.0, 100.0, 100.0, 100.0, 98.0, 97.0, 100.0, 100.0, 96.0, 98.0, 100.0, 98.0, 99.0]"
02:16:45,98.6,2493.9695833333335,20.4,"[100.0, 97.0, 100.0, 97.0, 98.0, 100.0, 97.0, 100.0, 100.0, 97.0, 100.0, 97.0, 96.9, 100.0, 100.0, 100.0, 100.0, 98.0, 97.0, 97.0, 98.0, 98.0, 100.0, 100.0]"
02:17:14,98.8,2493.969541666667,20.5,"[100.0, 95.0, 96.0, 97.9, 96.9, 100.0, 100.0, 94.9, 96.0, 100.0, 100.0, 96.0, 100.0, 100.0, 97.0, 99.0, 100.0, 100.0, 98.0, 99.0, 99.0, 100.0, 100.0, 98.0]"
02:17:43,99.1,2493.9691666666663,20.4,"[100.0, 100.0, 96.0, 100.0, 100.0, 100.0, 100.0, 95.9, 100.0, 100.0, 96.9, 100.0, 97.0, 97.0, 96.9, 100.0, 100.0, 100.0, 97.0, 100.0, 100.0, 100.0, 100.0, 100.0]"
02:18:12,98.4,2493.96975,20.5,"[100.0, 99.0, 99.0, 100.0, 100.0, 98.0, 96.0, 97.0, 98.0, 98.0, 100.0, 96.0, 100.0, 100.0, 100.0, 98.0, 96.0, 98.0, 100.0, 97.0, 97.0, 98.0, 100.0, 98.0]"
02:18:41,98.7,2493.9696249999997,20.4,"[100.0, 96.0, 99.0, 100.0, 100.0, 100.0, 98.0, 96.0, 100.0, 97.0, 100.0, 100.0, 97.0, 96.0, 94.9, 99.0, 100.0, 100.0, 100.0, 100.0, 100.0, 100.0, 100.0, 100.0]"
02:19:10,97.8,2493.9680000000003,20.5,"[99.0, 100.0, 96.0, 97.0, 96.9, 97.0, 98.0, 96.9, 98.0, 98.0, 97.0, 100.0, 96.0, 97.0, 98.0, 100.0, 97.0, 100.0, 96.0, 98.0, 97.0, 96.0, 100.0, 96.9]"
02:19:39,99.1,2493.969541666667,20.4,"[100.0, 100.0, 100.0, 100.0, 100.0, 100.0, 98.0, 100.0, 100.0, 100.0, 100.0, 95.9, 98.0, 100.0, 99.0, 97.0, 100.0, 99.0, 98.0, 96.0, 100.0, 100.0, 98.0, 100.0]"
02:20:08,98.2,2493.969208333333,20.5,"[100.0, 100.0, 98.0, 97.0, 96.9, 100.0, 97.0, 100.0, 96.0, 97.0, 97.0, 94.9, 96.9, 97.0, 98.0, 99.0, 98.0, 97.0, 99.0, 95.0, 100.0, 94.9, 100.0, 94.9]"
02:20:37,98.8,2493.9691250000005,20.4,"[94.0, 100.0, 100.0, 97.0, 96.0, 100.0, 96.9, 97.0, 100.0, 97.0, 97.0, 97.0, 94.9, 100.0, 100.0, 100.0, 98.0, 100.0, 100.0, 100.0, 96.0, 100.0, 96.9, 100.0]"
02:21:06,99.1,2493.9680000000003,20.5,"[100.0, 100.0, 100.0, 97.0, 100.0, 100.0, 100.0, 100.0, 100.0, 100.0, 100.0, 96.9, 99.0, 100.0, 99.0, 99.0, 100.0, 98.0, 100.0, 99.0, 100.0, 100.0, 100.0, 99.0]"
02:21:35,99.1,2493.969291666667,20.4,"[100.0, 100.0, 100.0, 99.0, 100.0, 100.0, 97.0, 100.0, 98.0, 100.0, 96.0, 98.0, 98.0, 100.0, 94.9, 99.0, 98.0, 100.0, 97.0, 100.0, 100.0, 100.0, 100.0, 96.0]"
02:22:04,99.1,2493.9680000000003,20.4,"[100.0, 98.0, 100.0, 97.0, 100.0, 100.0, 100.0, 100.0, 100.0, 96.9, 97.0, 100.0, 99.0, 100.0, 100.0, 99.0, 100.0, 98.0, 98.0, 100.0, 100.0, 97.0, 98.0, 100.0]"
02:22:33,98.6,2493.969375,20.4,"[100.0, 100.0, 97.0, 98.0, 98.0, 100.0, 100.0, 100.0, 98.0, 100.0, 100.0, 100.0, 97.0, 94.9, 100.0, 100.0, 100.0, 98.0, 98.0, 100.0, 95.9, 96.0, 98.0, 98.0]"
02:23:02,98.8,2493.9692499999996,20.5,"[100.0, 97.0, 97.0, 96.9, 96.9, 100.0, 95.9, 100.0, 96.9, 100.0, 100.0, 99.0, 98.0, 98.0, 100.0, 97.0, 100.0, 100.0, 100.0, 98.0, 99.0, 98.0, 100.0, 99.0]"
02:23:31,99.0,2493.969583333333,20.4,"[100.0, 100.0, 100.0, 100.0, 100.0, 100.0, 100.0, 100.0, 98.0, 100.0, 97.0, 100.0, 100.0, 98.0, 99.0, 99.0, 100.0, 98.0, 100.0, 100.0, 99.0, 100.0, 100.0, 100.0]"
02:24:00,98.8,2493.968208333334,20.5,"[97.0, 99.0, 100.0, 100.0, 99.0, 100.0, 100.0, 100.0, 100.0, 100.0, 98.0, 100.0, 97.0, 100.0, 97.9, 100.0, 98.0, 100.0, 100.0, 97.0, 100.0, 100.0, 99.0, 96.0]"
02:24:29,98.8,2493.9692083333334,20.4,"[97.0, 100.0, 97.9, 96.0, 100.0, 100.0, 100.0, 99.0, 100.0, 100.0, 98.0, 97.0, 100.0, 100.0, 100.0, 100.0, 100.0, 100.0, 99.0, 98.0, 100.0, 100.0, 100.0, 100.0]"
02:24:58,98.4,2493.9689583333334,20.5,"[98.0, 99.0, 100.0, 100.0, 100.0, 100.0, 100.0, 100.0, 97.0, 96.0, 100.0, 95.0, 97.0, 100.0, 98.0, 96.0, 100.0, 98.0, 100.0, 98.0, 100.0, 97.0, 98.0, 100.0]"
02:25:27,99.4,2493.9696249999997,20.4,"[100.0, 100.0, 100.0, 100.0, 100.0, 100.0, 100.0, 97.0, 100.0, 100.0, 100.0, 100.0, 99.0, 98.0, 100.0, 100.0, 100.0, 97.0, 100.0, 100.0, 98.0, 96.9, 97.0, 100.0]"
02:25:56,98.5,2493.967958333334,20.5,"[100.0, 96.0, 96.0, 100.0, 96.0, 100.0, 100.0, 96.0, 100.0, 100.0, 100.0, 100.0, 100.0, 100.0, 100.0, 98.0, 100.0, 99.0, 98.0, 98.0, 99.0, 97.0, 100.0, 98.0]"
02:26:25,98.7,2493.9696666666664,20.4,"[100.0, 100.0, 98.0, 100.0, 100.0, 100.0, 100.0, 100.0, 96.0, 100.0, 97.0, 100.0, 97.0, 96.0, 100.0, 100.0, 100.0, 100.0, 100.0, 100.0, 94.9, 100.0, 100.0, 98.0]"
02:26:54,97.7,2493.9694583333335,20.5,"[96.9, 96.9, 97.0, 97.0, 97.0, 100.0, 96.9, 96.9, 95.9, 99.0, 96.0, 100.0, 97.0, 98.0, 98.0, 98.0, 98.0, 97.0, 98.0, 98.0, 97.0, 99.0, 96.9, 100.0]"
02:27:23,99.0,2493.9695833333335,20.4,"[100.0, 100.0, 100.0, 97.0, 97.0, 100.0, 98.0, 97.1, 100.0, 97.0, 96.0, 100.0, 100.0, 100.0, 99.0, 98.0, 95.9, 100.0, 100.0, 100.0, 100.0, 96.0, 98.0, 100.0]"
02:27:52,98.2,2493.9695,20.5,"[94.1, 97.0, 100.0, 96.0, 95.0, 96.0, 99.0, 96.0, 96.0, 100.0, 97.0, 98.0, 97.0, 100.0, 98.0, 98.0, 97.0, 100.0, 100.0, 97.1, 96.0, 97.0, 97.0, 99.0]"
02:28:21,99.3,2493.9694166666663,20.4,"[100.0, 100.0, 100.0, 100.0, 100.0, 100.0, 96.0, 100.0, 100.0, 97.0, 100.0, 96.9, 100.0, 100.0, 100.0, 96.0, 100.0, 96.0, 97.0, 100.0, 97.0, 100.0, 100.0, 100.0]"
02:28:50,99.0,2493.969416666667,20.4,"[100.0, 100.0, 100.0, 100.0, 100.0, 100.0, 95.9, 100.0, 100.0, 100.0, 100.0, 100.0, 100.0, 100.0, 97.0, 97.0, 100.0, 99.0, 96.0, 100.0, 100.0, 100.0, 98.0, 100.0]"
02:29:19,98.4,2493.9690833333334,20.4,"[100.0, 96.9, 98.0, 100.0, 96.0, 97.0, 100.0, 100.0, 100.0, 96.0, 100.0, 97.0, 97.0, 96.9, 96.0, 100.0, 100.0, 100.0, 97.9, 100.0, 98.0, 100.0, 97.0, 96.9]"
02:29:48,98.6,2493.969625,20.4,"[100.0, 100.0, 100.0, 100.0, 100.0, 100.0, 96.0, 100.0, 96.0, 100.0, 100.0, 100.0, 96.0, 96.9, 100.0, 97.0, 99.0, 100.0, 98.0, 98.0, 98.0, 100.0, 97.0, 97.0]"
02:30:17,98.3,2493.969458333333,20.4,"[97.0, 97.0, 98.0, 100.0, 100.0, 98.0, 100.0, 100.0, 100.0, 95.9, 97.0, 98.0, 97.0, 100.0, 98.0, 100.0, 100.0, 96.9, 97.0, 100.0, 100.0, 99.0, 100.0, 99.0]"
02:30:46,98.7,2493.969708333333,20.4,"[97.0, 96.9, 100.0, 95.9, 100.0, 100.0, 98.0, 100.0, 100.0, 96.0, 98.0, 100.0, 99.0, 100.0, 100.0, 97.0, 100.0, 98.0, 100.0, 100.0, 100.0, 100.0, 97.0, 98.0]"
02:31:15,98.5,2493.9680000000003,20.4,"[100.0, 100.0, 100.0, 100.0, 100.0, 100.0, 100.0, 97.0, 100.0, 97.0, 98.0, 100.0, 96.0, 97.0, 100.0, 94.9, 97.0, 98.0, 100.0, 96.9, 100.0, 98.0, 99.0, 99.0]"
02:31:44,98.9,2493.969833333333,20.4,"[100.0, 96.0, 100.0, 100.0, 100.0, 100.0, 96.9, 100.0, 96.9, 100.0, 100.0, 100.0, 97.0, 96.0, 100.0, 100.0, 100.0, 100.0, 96.0, 100.0, 100.0, 98.0, 100.0, 100.0]"
02:32:13,98.2,2493.969666666667,20.5,"[97.0, 94.9, 100.0, 100.0, 96.0, 95.9, 96.0, 99.0, 100.0, 98.0, 100.0, 97.0, 97.0, 98.0, 96.9, 100.0, 97.0, 99.0, 99.0, 100.0, 100.0, 98.0, 100.0, 98.0]"
02:32:42,99.1,2493.969416666667,20.4,"[100.0, 97.0, 97.0, 97.0, 100.0, 100.0, 100.0, 96.0, 100.0, 95.9, 100.0, 98.0, 100.0, 100.0, 100.0, 100.0, 100.0, 100.0, 100.0, 100.0, 100.0, 100.0, 100.0, 100.0]"
02:33:11,97.8,2493.9680000000003,20.5,"[100.0, 97.0, 97.0, 98.0, 97.0, 99.0, 100.0, 97.0, 98.0, 100.0, 96.9, 98.0, 98.0, 96.0, 97.0, 96.9, 98.0, 99.0, 96.0, 97.9, 97.0, 98.0, 100.0, 100.0]"
02:33:40,99.0,2493.9695416666673,20.4,"[100.0, 100.0, 100.0, 100.0, 100.0, 100.0, 96.9, 100.0, 96.9, 100.0, 99.0, 95.9, 100.0, 98.0, 100.0, 97.0, 100.0, 100.0, 100.0, 100.0, 97.0, 100.0, 96.9, 98.0]"
02:34:09,97.7,2493.9689583333334,20.5,"[94.9, 96.0, 99.0, 97.0, 98.0, 98.0, 98.0, 98.0, 100.0, 97.0, 100.0, 96.9, 99.0, 99.0, 100.0, 96.9, 100.0, 99.0, 99.0, 96.0, 99.0, 96.9, 98.0, 98.0]"
02:34:38,99.1,2493.969708333333,20.4,"[100.0, 100.0, 100.0, 100.0, 100.0, 100.0, 94.9, 100.0, 100.0, 100.0, 100.0, 100.0, 100.0, 97.0, 96.9, 100.0, 96.0, 100.0, 100.0, 96.0, 100.0, 100.0, 97.0, 97.0]"
02:35:07,98.4,2493.9680000000003,20.5,"[97.0, 100.0, 99.0, 96.0, 98.0, 97.0, 100.0, 98.0, 98.0, 100.0, 97.0, 99.0, 98.0, 99.0, 97.0, 98.0, 98.0, 98.0, 97.0, 96.9, 100.0, 98.0, 99.0, 98.0]"
02:35:36,99.0,2493.9692083333325,20.4,"[96.9, 98.0, 100.0, 98.0, 100.0, 100.0, 100.0, 97.0, 96.0, 97.0, 100.0, 98.0, 100.0, 98.0, 100.0, 100.0, 100.0, 100.0, 98.0, 98.0, 98.0, 100.0, 98.0, 100.0]"
02:36:05,98.7,2493.9692083333334,20.4,"[100.0, 100.0, 99.0, 100.0, 96.9, 98.0, 100.0, 100.0, 99.0, 100.0, 99.0, 97.0, 100.0, 96.0, 98.0, 97.0, 100.0, 96.0, 100.0, 98.0, 97.0, 100.0, 100.0, 98.0]"
02:36:34,98.7,2493.9692499999996,20.4,"[100.0, 100.0, 96.0, 100.0, 97.0, 100.0, 100.0, 99.0, 97.0, 100.0, 96.0, 100.0, 100.0, 97.0, 98.0, 100.0, 97.0, 100.0, 100.0, 100.0, 97.0, 100.0, 97.0, 100.0]"
02:37:03,98.9,2493.968125,20.4,"[95.9, 100.0, 100.0, 98.0, 100.0, 100.0, 97.0, 100.0, 97.0, 97.0, 100.0, 100.0, 100.0, 98.0, 100.0, 97.0, 96.0, 100.0, 96.9, 100.0, 98.0, 99.0, 100.0, 100.0]"
02:37:32,99.2,2493.9700416666665,20.4,"[100.0, 100.0, 98.0, 96.0, 97.0, 97.0, 100.0, 100.0, 100.0, 97.0, 100.0, 96.0, 96.9, 100.0, 100.0, 100.0, 100.0, 100.0, 100.0, 100.0, 98.0, 100.0, 100.0, 100.0]"
02:38:01,98.4,2493.9680000000003,20.5,"[99.0, 98.0, 100.0, 100.0, 100.0, 100.0, 98.0, 100.0, 100.0, 99.0, 100.0, 99.0, 98.0, 97.0, 95.9, 97.0, 100.0, 97.0, 100.0, 100.0, 100.0, 100.0, 97.0, 100.0]"
02:38:30,98.9,2493.969625,20.4,"[96.9, 100.0, 95.9, 99.0, 96.0, 100.0, 100.0, 96.9, 94.9, 100.0, 100.0, 100.0, 98.0, 100.0, 100.0, 99.0, 98.0, 98.0, 98.0, 95.9, 96.0, 100.0, 96.9, 100.0]"
02:38:59,98.8,2493.967958333334,20.5,"[100.0, 98.0, 100.0, 97.0, 95.9, 100.0, 100.0, 100.0, 96.0, 100.0, 97.0, 100.0, 98.0, 98.0, 97.0, 100.0, 96.9, 97.1, 100.0, 100.0, 95.9, 99.0, 96.9, 100.0]"
02:39:28,99.0,2493.969125,20.4,"[99.0, 100.0, 96.0, 100.0, 97.0, 100.0, 97.0, 97.0, 98.0, 100.0, 97.0, 100.0, 100.0, 100.0, 100.0, 100.0, 100.0, 100.0, 100.0, 100.0, 100.0, 95.9, 100.0, 100.0]"
02:39:57,98.2,2493.9694166666663,20.5,"[94.9, 100.0, 96.9, 97.0, 97.0, 100.0, 100.0, 99.0, 97.0, 98.0, 98.0, 100.0, 98.0, 96.0, 99.0, 97.0, 96.0, 97.0, 100.0, 95.9, 100.0, 100.0, 98.0, 97.0]"
02:40:26,98.4,2493.9698750000002,20.4,"[97.0, 100.0, 100.0, 100.0, 97.0, 100.0, 100.0, 98.0, 100.0, 100.0, 100.0, 99.0, 100.0, 100.0, 100.0, 96.9, 100.0, 100.0, 100.0, 100.0, 99.0, 98.0, 97.0, 97.0]"
02:40:55,97.9,2493.9686666666666,20.5,"[96.0, 97.9, 96.9, 98.0, 98.0, 99.0, 97.0, 99.0, 100.0, 100.0, 99.0, 96.9, 96.9, 98.0, 100.0, 96.9, 96.0, 97.0, 97.0, 96.1, 98.0, 97.0, 98.0, 100.0]"
02:41:24,99.1,2493.969291666667,20.4,"[100.0, 96.9, 97.0, 100.0, 100.0, 98.0, 99.0, 100.0, 100.0, 100.0, 100.0, 100.0, 94.9, 100.0, 96.9, 100.0, 96.0, 96.9, 100.0, 100.0, 100.0, 100.0, 100.0, 100.0]"
02:41:53,98.0,2493.96975,20.5,"[98.0, 97.0, 98.0, 98.0, 97.0, 97.0, 97.0, 96.9, 98.0, 96.0, 96.0, 94.9, 96.0, 95.0, 95.9, 98.0, 99.0, 96.0, 97.0, 97.0, 100.0, 97.0, 100.0, 100.0]"
02:42:22,98.6,2493.9694166666663,20.4,"[97.0, 100.0, 100.0, 96.9, 97.0, 99.0, 100.0, 97.0, 100.0, 98.0, 97.9, 98.0, 96.0, 99.0, 100.0, 100.0, 100.0, 97.0, 100.0, 100.0, 100.0, 100.0, 100.0, 100.0]"
02:42:51,99.1,2493.9691666666663,20.5,"[95.9, 100.0, 96.9, 100.0, 100.0, 96.0, 95.9, 97.0, 97.0, 97.0, 94.9, 98.0, 100.0, 96.0, 99.0, 99.0, 97.0, 100.0, 100.0, 99.0, 100.0, 100.0, 97.0, 100.0]"
02:43:20,98.6,2493.9694583333335,20.4,"[100.0, 100.0, 100.0, 96.0, 100.0, 100.0, 100.0, 100.0, 100.0, 98.0, 98.0, 100.0, 100.0, 100.0, 100.0, 96.0, 97.0, 100.0, 96.9, 97.0, 100.0, 100.0, 100.0, 97.0]"
02:43:49,99.1,2493.9693333333335,20.4,"[100.0, 100.0, 100.0, 100.0, 100.0, 100.0, 95.9, 100.0, 100.0, 100.0, 100.0, 100.0, 97.0, 96.9, 96.9, 100.0, 96.0, 100.0, 100.0, 96.0, 97.0, 100.0, 100.0, 100.0]"
02:44:18,98.9,2493.9696249999993,20.4,"[94.9, 100.0, 95.9, 100.0, 97.0, 100.0, 100.0, 99.0, 97.0, 100.0, 97.0, 100.0, 100.0, 100.0, 98.0, 99.0, 100.0, 100.0, 100.0, 100.0, 100.0, 100.0, 99.0, 100.0]"
02:44:47,99.1,2493.969666666667,20.4,"[100.0, 100.0, 100.0, 100.0, 96.0, 100.0, 100.0, 100.0, 100.0, 100.0, 100.0, 98.0, 100.0, 100.0, 100.0, 96.9, 96.0, 100.0, 100.0, 100.0, 97.0, 100.0, 100.0, 99.0]"
02:45:16,98.8,2493.969583333334,20.4,"[96.0, 100.0, 97.0, 98.0, 100.0, 99.0, 100.0, 98.0, 100.0, 96.9, 100.0, 100.0, 100.0, 100.0, 100.0, 100.0, 95.9, 100.0, 96.9, 100.0, 97.0, 100.0, 100.0, 100.0]"
02:45:45,99.1,2493.969291666667,20.4,"[100.0, 96.9, 97.0, 100.0, 97.0, 100.0, 100.0, 100.0, 100.0, 96.0, 100.0, 97.0, 99.0, 100.0, 97.0, 100.0, 100.0, 97.0, 97.0, 100.0, 100.0, 100.0, 100.0, 100.0]"
02:46:14,98.6,2493.9680000000003,20.4,"[97.0, 97.0, 97.0, 98.0, 100.0, 96.0, 96.9, 96.9, 98.0, 100.0, 100.0, 100.0, 100.0, 100.0, 100.0, 98.0, 100.0, 100.0, 98.0, 98.0, 100.0, 99.0, 98.0, 100.0]"
02:46:43,99.0,2493.9693333333335,20.4,"[100.0, 100.0, 100.0, 100.0, 100.0, 100.0, 100.0, 95.0, 100.0, 95.9, 100.0, 100.0, 100.0, 96.0, 100.0, 100.0, 100.0, 96.9, 100.0, 100.0, 98.0, 100.0, 96.0, 100.0]"
02:47:12,98.3,2493.969333333333,20.5,"[100.0, 98.0, 96.0, 100.0, 94.9, 100.0, 99.0, 100.0, 100.0, 100.0, 98.0, 100.0, 97.1, 100.0, 95.9, 100.0, 100.0, 100.0, 100.0, 100.0, 98.0, 95.9, 97.0, 97.0]"
02:47:41,98.9,2493.9694166666663,20.4,"[100.0, 100.0, 100.0, 96.9, 100.0, 98.0, 100.0, 96.9, 94.9, 98.0, 96.0, 100.0, 96.0, 100.0, 98.0, 100.0, 100.0, 96.0, 96.9, 100.0, 100.0, 100.0, 100.0, 100.0]"
02:48:10,97.7,2493.967958333334,20.5,"[97.0, 97.0, 100.0, 100.0, 95.0, 96.9, 98.0, 96.0, 98.0, 100.0, 100.0, 100.0, 100.0, 98.0, 98.0, 100.0, 96.9, 96.0, 98.0, 98.0, 99.0, 100.0, 95.9, 95.9]"
02:48:39,99.1,2493.9694999999997,20.4,"[100.0, 97.0, 100.0, 98.0, 100.0, 100.0, 97.0, 100.0, 100.0, 100.0, 100.0, 98.0, 100.0, 99.0, 99.0, 100.0, 98.0, 99.0, 100.0, 98.0, 100.0, 100.0, 98.0, 100.0]"
02:49:08,97.9,2493.9693333333335,20.5,"[96.0, 94.9, 97.0, 99.0, 97.0, 98.0, 96.9, 94.9, 97.0, 96.9, 97.0, 98.0, 96.0, 100.0, 98.0, 96.9, 98.0, 97.0, 98.0, 100.0, 100.0, 98.0, 99.0, 100.0]"
02:49:37,98.8,2493.9694999999997,20.4,"[97.0, 96.9, 100.0, 100.0, 100.0, 100.0, 97.0, 100.0, 100.0, 100.0, 100.0, 98.0, 98.0, 100.0, 97.9, 100.0, 100.0, 100.0, 98.0, 98.0, 98.0, 100.0, 100.0, 97.0]"
02:50:06,98.7,2493.968875,20.5,"[100.0, 100.0, 100.0, 96.0, 100.0, 100.0, 100.0, 98.0, 99.0, 97.0, 99.0, 97.0, 100.0, 95.9, 100.0, 97.0, 96.9, 100.0, 97.0, 99.0, 96.9, 95.9, 97.0, 97.0]"
02:50:35,99.0,2493.9694999999997,20.4,"[96.0, 100.0, 99.0, 100.0, 98.0, 95.9, 100.0, 100.0, 100.0, 96.0, 97.0, 100.0, 100.0, 100.0, 95.9, 100.0, 97.0, 100.0, 96.9, 100.0, 100.0, 100.0, 96.9, 97.0]"
02:51:04,99.2,2493.969375,20.5,"[100.0, 97.0, 96.0, 100.0, 100.0, 100.0, 98.0, 100.0, 100.0, 97.0, 98.0, 96.9, 100.0, 100.0, 96.0, 98.0, 99.0, 100.0, 100.0, 100.0, 100.0, 100.0, 99.0, 100.0]"
02:51:33,98.8,2493.9694166666663,20.4,"[95.9, 100.0, 100.0, 98.0, 96.0, 98.0, 100.0, 100.0, 100.0, 100.0, 95.9, 100.0, 99.0, 99.0, 97.0, 99.0, 97.0, 100.0, 97.0, 100.0, 99.0, 100.0, 100.0, 100.0]"
02:52:02,98.2,2493.969374999999,20.5,"[100.0, 96.9, 100.0, 100.0, 100.0, 100.0, 100.0, 98.0, 94.9, 96.9, 100.0, 100.0, 97.0, 97.0, 97.9, 100.0, 100.0, 97.0, 97.0, 100.0, 96.9, 97.0, 98.0, 100.0]"
02:52:31,99.2,2493.9693333333335,20.4,"[98.0, 100.0, 95.9, 98.0, 98.0, 100.0, 97.0, 100.0, 100.0, 95.9, 100.0, 100.0, 100.0, 97.0, 100.0, 97.0, 100.0, 100.0, 100.0, 98.0, 97.0, 100.0, 100.0, 98.0]"
02:53:00,98.5,2493.9680000000003,20.5,"[100.0, 100.0, 98.0, 100.0, 99.0, 100.0, 95.9, 97.0, 99.0, 100.0, 98.0, 100.0, 97.0, 100.0, 100.0, 100.0, 96.0, 100.0, 96.0, 97.0, 98.0, 100.0, 100.0, 98.0]"
02:53:29,99.3,2493.9698750000002,20.4,"[100.0, 96.9, 98.0, 100.0, 98.0, 97.0, 97.0, 100.0, 100.0, 100.0, 98.0, 100.0, 100.0, 100.0, 100.0, 100.0, 100.0, 100.0, 100.0, 100.0, 100.0, 100.0, 100.0, 100.0]"
02:53:58,98.2,2493.969416666667,20.5,"[97.0, 100.0, 97.0, 96.9, 100.0, 100.0, 96.9, 96.0, 96.0, 100.0, 100.0, 96.0, 99.0, 98.0, 99.0, 99.0, 100.0, 99.0, 100.0, 100.0, 98.0, 100.0, 100.0, 98.0]"
02:54:27,99.1,2493.969541666666,20.4,"[98.0, 96.9, 100.0, 100.0, 100.0, 100.0, 100.0, 100.0, 100.0, 100.0, 100.0, 98.0, 100.0, 98.0, 100.0, 96.0, 100.0, 96.0, 100.0, 100.0, 100.0, 100.0, 98.0, 98.0]"
02:54:56,98.1,2493.9680000000003,20.5,"[100.0, 100.0, 96.9, 100.0, 98.0, 100.0, 100.0, 100.0, 97.0, 98.0, 98.0, 100.0, 100.0, 100.0, 98.0, 100.0, 94.9, 96.9, 98.0, 99.0, 98.0, 98.0, 100.0, 99.0]"
02:55:25,99.0,2493.969583333333,20.4,"[100.0, 100.0, 100.0, 94.9, 100.0, 100.0, 100.0, 99.0, 100.0, 100.0, 97.0, 94.9, 100.0, 100.0, 100.0, 100.0, 100.0, 95.9, 95.9, 100.0, 100.0, 100.0, 98.0, 96.9]"
02:55:54,97.7,2493.9689583333334,20.5,"[96.9, 100.0, 97.0, 96.0, 100.0, 97.0, 99.0, 97.0, 96.0, 96.0, 99.0, 96.0, 98.0, 98.0, 98.0, 98.0, 99.0, 98.0, 96.9, 98.0, 97.0, 100.0, 96.0, 98.0]"
02:56:23,98.9,2493.969208333333,20.4,"[100.0, 100.0, 96.9, 99.0, 100.0, 100.0, 96.9, 99.0, 99.0, 100.0, 100.0, 100.0, 100.0, 100.0, 97.0, 95.9, 100.0, 96.9, 97.0, 98.0, 100.0, 96.0, 100.0, 100.0]"
02:56:52,98.7,2493.969124999999,20.5,"[100.0, 100.0, 99.0, 98.0, 100.0, 97.0, 100.0, 96.0, 96.0, 100.0, 95.9, 98.0, 100.0, 94.9, 94.9, 98.0, 96.0, 94.9, 96.0, 98.0, 100.0, 98.0, 97.0, 96.0]"
02:57:21,98.7,2493.9694583333335,20.4,"[100.0, 100.0, 96.0, 100.0, 98.0, 97.0, 100.0, 100.0, 99.0, 97.0, 96.9, 100.0, 100.0, 98.0, 99.0, 97.0, 100.0, 100.0, 100.0, 97.0, 100.0, 100.0, 100.0, 100.0]"
02:57:50,98.9,2493.9695416666664,20.4,"[98.0, 100.0, 100.0, 98.0, 96.0, 100.0, 100.0, 100.0, 100.0, 100.0, 97.0, 100.0, 98.0, 99.0, 100.0, 100.0, 97.0, 98.0, 98.0, 97.0, 99.0, 99.0, 100.0, 100.0]"
02:58:19,98.7,2493.969625,20.4,"[98.0, 97.0, 100.0, 100.0, 100.0, 100.0, 96.0, 100.0, 98.0, 100.0, 100.0, 100.0, 100.0, 98.0, 100.0, 100.0, 96.0, 99.0, 100.0, 100.0, 96.0, 100.0, 96.0, 100.0]"
02:58:48,99.1,2493.9694166666663,20.4,"[100.0, 100.0, 100.0, 100.0, 95.9, 100.0, 100.0, 100.0, 96.0, 100.0, 100.0, 100.0, 96.9, 100.0, 98.0, 100.0, 100.0, 100.0, 100.0, 97.0, 99.0, 98.0, 99.0, 98.0]"
02:59:17,98.5,2493.969458333333,20.4,"[100.0, 97.0, 100.0, 96.0, 95.9, 100.0, 96.9, 100.0, 100.0, 96.0, 100.0, 100.0, 100.0, 95.9, 100.0, 100.0, 100.0, 95.9, 96.0, 97.0, 94.9, 100.0, 100.0, 98.0]"
02:59:46,98.7,2493.9692499999996,20.4,"[100.0, 100.0, 98.0, 100.0, 97.0, 98.0, 98.0, 98.0, 100.0, 98.0, 100.0, 98.0, 100.0, 100.0, 96.0, 96.9, 100.0, 100.0, 95.9, 100.0, 97.0, 100.0, 99.0, 97.0]"
03:00:15,98.7,2493.9680000000003,20.4,"[97.0, 96.9, 100.0, 98.0, 100.0, 100.0, 98.0, 100.0, 96.0, 98.0, 96.0, 98.0, 100.0, 100.0, 100.0, 100.0, 100.0, 98.0, 100.0, 100.0, 98.0, 98.0, 98.0, 100.0]"
03:00:44,99.0,2493.96975,20.4,"[94.0, 96.0, 98.0, 100.0, 100.0, 97.0, 98.0, 99.0, 99.0, 98.0, 97.0, 98.0, 100.0, 100.0, 97.0, 100.0, 100.0, 100.0, 100.0, 100.0, 100.0, 100.0, 100.0, 100.0]"
03:01:13,98.4,2493.969541666667,20.5,"[100.0, 98.0, 100.0, 98.0, 100.0, 100.0, 98.0, 99.0, 100.0, 100.0, 98.0, 98.0, 97.1, 97.0, 100.0, 96.9, 97.9, 100.0, 97.0, 99.0, 96.9, 100.0, 96.9, 98.0]"
03:01:42,98.5,2493.9692083333334,20.4,"[97.0, 100.0, 97.0, 97.0, 98.0, 100.0, 100.0, 99.0, 100.0, 100.0, 100.0, 100.0, 100.0, 96.0, 100.0, 100.0, 98.0, 99.0, 98.0, 97.0, 100.0, 100.0, 96.9, 100.0]"
03:02:11,98.6,2493.9680000000003,20.5,"[99.0, 100.0, 100.0, 100.0, 100.0, 100.0, 100.0, 99.0, 100.0, 100.0, 97.0, 97.0, 98.0, 97.0, 100.0, 97.0, 97.9, 100.0, 97.0, 100.0, 99.0, 97.0, 96.9, 100.0]"
03:02:40,99.3,2493.969375,20.4,"[100.0, 100.0, 97.0, 98.0, 97.0, 97.0, 100.0, 100.0, 98.0, 100.0, 100.0, 100.0, 100.0, 97.0, 97.0, 100.0, 100.0, 100.0, 100.0, 95.9, 100.0, 100.0, 100.0, 100.0]"
03:03:09,97.5,2493.969791666667,20.5,"[97.0, 98.0, 98.0, 98.0, 100.0, 97.0, 97.9, 99.0, 100.0, 97.9, 96.9, 100.0, 99.0, 98.0, 97.0, 98.0, 100.0, 98.0, 99.0, 99.0, 97.0, 98.0, 98.0, 98.0]"
03:03:38,98.7,2493.9695416666664,20.4,"[100.0, 94.9, 100.0, 100.0, 100.0, 100.0, 98.0, 97.9, 100.0, 96.0, 98.0, 97.0, 100.0, 100.0, 100.0, 100.0, 100.0, 100.0, 100.0, 100.0, 100.0, 100.0, 96.0, 100.0]"
03:04:07,98.0,2493.969625,20.5,"[100.0, 96.0, 96.9, 96.0, 99.0, 96.0, 93.1, 96.0, 97.0, 98.0, 96.9, 99.0, 96.0, 98.0, 98.0, 100.0, 97.0, 96.0, 100.0, 96.0, 96.0, 100.0, 100.0, 96.0]"
03:04:36,98.8,2493.969583333333,20.4,"[100.0, 96.0, 100.0, 96.0, 100.0, 96.9, 100.0, 97.0, 94.9, 100.0, 96.0, 100.0, 100.0, 97.0, 96.0, 98.0, 99.0, 100.0, 100.0, 100.0, 100.0, 100.0, 100.0, 100.0]"
03:05:05,98.5,2493.9680000000003,20.4,"[94.9, 100.0, 100.0, 97.0, 96.9, 100.0, 100.0, 98.0, 98.0, 98.0, 100.0, 95.9, 100.0, 100.0, 100.0, 99.0, 100.0, 97.0, 100.0, 98.0, 98.0, 96.0, 100.0, 100.0]"
03:05:34,99.4,2493.9693333333335,20.4,"[100.0, 100.0, 100.0, 100.0, 100.0, 100.0, 100.0, 100.0, 100.0, 100.0, 100.0, 99.0, 98.0, 96.0, 97.0, 100.0, 99.0, 95.9, 100.0, 100.0, 97.0, 100.0, 100.0, 100.0]"
03:06:03,98.7,2493.9694166666663,20.5,"[100.0, 100.0, 100.0, 97.0, 100.0, 100.0, 100.0, 100.0, 100.0, 98.0, 100.0, 100.0, 98.0, 98.0, 97.0, 99.0, 100.0, 98.0, 96.9, 96.9, 99.0, 100.0, 99.0, 98.0]"
03:06:32,98.7,2493.969416666667,20.4,"[100.0, 100.0, 97.9, 100.0, 96.0, 100.0, 95.9, 100.0, 100.0, 100.0, 100.0, 98.0, 97.0, 100.0, 98.0, 98.0, 100.0, 98.0, 100.0, 98.0, 98.0, 100.0, 99.0, 97.0]"
03:07:01,98.8,2493.9680000000003,20.5,"[100.0, 99.0, 99.0, 98.0, 97.0, 100.0, 100.0, 98.0, 100.0, 99.0, 98.0, 100.0, 97.0, 100.0, 100.0, 100.0, 97.0, 100.0, 100.0, 100.0, 98.0, 97.0, 100.0, 100.0]"
